call_id,customer_id,call_date,call_time,agent_id,call_duration_sec,call_result,sentiment,product_pitched,notes,call_duration_min,full_name,phone_raw,address_raw,city,province,gender,dob,segment,branch,source_campaign,created_date,full_name_clean,phone_clean
CL00001,C0003,2024-09-02,14:28,AG07,46,Busy,,Personal Loan,,0.7666666666666667,tran thi trang,0798834813,"156 Tran Hung Dao, P.10",Ha Noi,Ha Noi,Female,2015-09-30,VIP,Ha Noi - Hoan Kiem,Partnership,2024-03-12,Tran Thi Trang,0798834813
CL00002,C0003,2024-01-26,10:49,AG05,427,Registered Product,Negative,Savings Account,Customer agreed to open product.,7.116666666666666,tran thi trang,0798834813,"156 Tran Hung Dao, P.10",Ha Noi,Ha Noi,Female,2015-09-30,VIP,Ha Noi - Hoan Kiem,Partnership,2024-03-12,Tran Thi Trang,0798834813
CL00003,C0004,2024-11-08,11:44,AG01,39,Connected - Not Interested,Neutral,Savings Account,Customer refused politely.,0.65,Pham Minh An,+84888409572,"227 Pham Van Dong, P.2",Da Nang,Ha Noi,Male,1998-09-09,SME,Can Tho - Ninh Kieu,Old customer list,2024-01-21,Pham Minh An,0888409572
CL00004,C0004,2024-09-20,19:50,AG07,490,Registered Product,Positive,Credit Card,Customer agreed to open product.,8.166666666666666,Pham Minh An,+84888409572,"227 Pham Van Dong, P.2",Da Nang,Ha Noi,Male,1998-09-09,SME,Can Tho - Ninh Kieu,Old customer list,2024-01-21,Pham Minh An,0888409572
CL00005,C0004,2024-04-01,09:01,AG07,36,Busy,,Term Deposit,,0.6,Pham Minh An,+84888409572,"227 Pham Van Dong, P.2",Da Nang,Ha Noi,Male,1998-09-09,SME,Can Tho - Ninh Kieu,Old customer list,2024-01-21,Pham Minh An,0888409572
CL00006,C0005,2024-12-07,10:24,AG06,594,Connected - Interested,Positive,Personal Loan,,9.9,Dang Minh Trang,,"120 Nguyen Thi Minh Khai, P.5",Hai Phong,TP.HCM,Male,1984-04-07,SME,Ha Noi - Hoan Kiem,Online form,2024-05-01,Dang Minh Trang,
CL00007,C0005,2024-05-04,13:57,AG06,589,Connected - Not Interested,Neutral,Savings Account,Customer refused politely.,9.816666666666666,Dang Minh Trang,,"120 Nguyen Thi Minh Khai, P.5",Hai Phong,TP.HCM,Male,1984-04-07,SME,Ha Noi - Hoan Kiem,Online form,2024-05-01,Dang Minh Trang,
CL00008,C0007,2024-06-18,13:14,AG03,58,Wrong Number,,Savings Account,Phone number incorrect.,0.9666666666666667,Tran Minh Tu,+84308904077,"243 Nguyen Thi Minh Khai, P.2",Da Nang,Hai Phong,Female,2014-11-06,Retail,Can Tho - Ninh Kieu,Branch referral,2024-03-28,Tran Minh Tu,0308904077
CL00009,C0007,2024-04-10,08:07,AG04,57,Call Back Later,,Term Deposit,Customer asked to be called again next week.,0.95,Tran Minh Tu,+84308904077,"243 Nguyen Thi Minh Khai, P.2",Da Nang,Hai Phong,Female,2014-11-06,Retail,Can Tho - Ninh Kieu,Branch referral,2024-03-28,Tran Minh Tu,0308904077
CL00010,C0007,2024-04-17,12:38,AG06,8,Busy,,Personal Loan,,0.13333333333333333,Tran Minh Tu,+84308904077,"243 Nguyen Thi Minh Khai, P.2",Da Nang,Hai Phong,Female,2014-11-06,Retail,Can Tho - Ninh Kieu,Branch referral,2024-03-28,Tran Minh Tu,0308904077
CL00011,C0009,2024-12-15,10:54,AG04,44,Call Back Later,,Savings Account,Customer asked to be called again next week.,0.7333333333333333,Do Ngoc Phuc,0978104447,"104 Hai Ba Trung, P.1",Ha Noi,Ha Noi,Male,2005-10-10,VIP,HCM - Phu Nhuan,Old customer list,2024-05-31,Do Ngoc Phuc,0978104447
CL00012,C0009,2024-05-23,09:59,AG06,125,Registered Product,Positive,Term Deposit,Customer agreed to open product.,2.0833333333333335,Do Ngoc Phuc,0978104447,"104 Hai Ba Trung, P.1",Ha Noi,Ha Noi,Male,2005-10-10,VIP,HCM - Phu Nhuan,Old customer list,2024-05-31,Do Ngoc Phuc,0978104447
CL00013,C0009,2024-05-26,08:55,AG04,23,Busy,,Savings Account,,0.38333333333333336,Do Ngoc Phuc,0978104447,"104 Hai Ba Trung, P.1",Ha Noi,Ha Noi,Male,2005-10-10,VIP,HCM - Phu Nhuan,Old customer list,2024-05-31,Do Ngoc Phuc,0978104447
CL00014,C0010,2024-12-11,12:25,AG06,136,Connected - Not Interested,Negative,Personal Loan,Customer refused politely.,2.2666666666666666,Le Hong Phuc,0980 880 650,"43 Ly Thuong Kiet, P.7",Can Tho,Ha Noi,Female,1985-02-04,Mass,HCM - Phu Nhuan,Old customer list,2024-05-29,Le Hong Phuc,0980880650
CL00015,C0011,2024-05-06,16:11,AG02,77,Connected - Not Interested,Positive,Credit Card,Customer refused politely.,1.2833333333333334,nguyen quang tu,,"189 Nguyen Thi Minh Khai, P.1",Da Nang,TP.HCM,Male,2002-01-06,VIP,Can Tho - Ninh Kieu,Partnership,2024-12-09,Nguyen Quang Tu,
CL00016,C0011,2024-01-01,09:31,AG01,58,Wrong Number,,Credit Card,Phone number incorrect.,0.9666666666666667,nguyen quang tu,,"189 Nguyen Thi Minh Khai, P.1",Da Nang,TP.HCM,Male,2002-01-06,VIP,Can Tho - Ninh Kieu,Partnership,2024-12-09,Nguyen Quang Tu,
CL00017,C0012,2024-08-24,12:00,AG05,20,Call Back Later,,Savings Account,Customer asked to be called again next week.,0.3333333333333333,Le Thi Quyen,,"21 Ly Thuong Kiet, P.15",Hai Phong,Hai Phong,Female,1996-10-26,SME,HCM - Phu Nhuan,Event,2024-07-10,Le Thi Quyen,
CL00018,C0012,2024-07-10,12:21,AG07,33,No Answer,,Credit Card,,0.55,Le Thi Quyen,,"21 Ly Thuong Kiet, P.15",Hai Phong,Hai Phong,Female,1996-10-26,SME,HCM - Phu Nhuan,Event,2024-07-10,Le Thi Quyen,
CL00019,C0012,2024-03-16,17:15,AG05,55,Call Back Later,,Savings Account,Customer asked to be called again next week.,0.9166666666666666,Le Thi Quyen,,"21 Ly Thuong Kiet, P.15",Hai Phong,Hai Phong,Female,1996-10-26,SME,HCM - Phu Nhuan,Event,2024-07-10,Le Thi Quyen,
CL00020,C0013,2024-07-03,19:04,AG01,66,Connected - Not Interested,Positive,Personal Loan,Customer refused politely.,1.1,Pham Hong Khanh,,"55 Nguyen Thi Minh Khai, P.5",Ha Noi,Da Nang,Male,1986-03-26,Retail,Ha Noi - Hoan Kiem,Event,2024-10-03,Pham Hong Khanh,
CL00021,C0014,2024-08-25,11:04,AG02,223,Registered Product,Neutral,Personal Loan,Customer agreed to open product.,3.716666666666667,LE ANH QUYEN,0339-856-591,"30 Le Loi, P.15",Hai Phong,Ha Noi,Female,2016-09-09,SME,Can Tho - Ninh Kieu,Branch referral,2024-11-09,Le Anh Quyen,0339856591
CL00022,C0015,2024-12-06,14:35,AG06,37,Call Back Later,,Term Deposit,Customer asked to be called again next week.,0.6166666666666667,VO HOAI TU,0749 804 207,"190 Pham Van Dong, P.10",Can Tho,Hai Phong,Male,2018-09-05,Mass,HCM - District 1,Branch referral,2024-09-09,Vo Hoai Tu,0749804207
CL00023,C0016,2024-12-22,14:57,AG06,14,Busy,,Credit Card,,0.23333333333333334,DO THI LOAN,0354039903,"91 Nguyen Thi Minh Khai, P.7",Hai Phong,Ha Noi,Male,2006-09-19,Retail,HCM - Phu Nhuan,Old customer list,2024-12-10,Do Thi Loan,0354039903
CL00024,C0018,2024-10-16,11:30,AG02,14,Wrong Number,,Savings Account,Phone number incorrect.,0.23333333333333334,vo hong binh,0535-683-082,"10 Le Loi, P.10",Can Tho,Da Nang,Female,1988-08-05,VIP,Can Tho - Ninh Kieu,Partnership,2024-06-18,Vo Hong Binh,0535683082
CL00025,C0018,2024-05-26,17:31,AG05,5,Call Back Later,,Savings Account,Customer asked to be called again next week.,0.08333333333333333,vo hong binh,0535-683-082,"10 Le Loi, P.10",Can Tho,Da Nang,Female,1988-08-05,VIP,Can Tho - Ninh Kieu,Partnership,2024-06-18,Vo Hong Binh,0535683082
CL00026,C0018,2024-01-04,15:15,AG01,277,Connected - Interested,Negative,Personal Loan,,4.616666666666666,vo hong binh,0535-683-082,"10 Le Loi, P.10",Can Tho,Da Nang,Female,1988-08-05,VIP,Can Tho - Ninh Kieu,Partnership,2024-06-18,Vo Hong Binh,0535683082
CL00027,C0019,2024-06-08,18:19,AG04,28,Call Back Later,,Personal Loan,Customer asked to be called again next week.,0.4666666666666667,tran quang trang,0804586971,"243 Hai Ba Trung, P.10",Da Nang,TP.HCM,Female,2008-02-02,SME,Da Nang - Hai Chau,Event,2024-07-06,Tran Quang Trang,0804586971
CL00028,C0019,2024-06-26,10:59,AG01,37,No Answer,,Personal Loan,,0.6166666666666667,tran quang trang,0804586971,"243 Hai Ba Trung, P.10",Da Nang,TP.HCM,Female,2008-02-02,SME,Da Nang - Hai Chau,Event,2024-07-06,Tran Quang Trang,0804586971
CL00029,C0019,2024-06-27,18:36,AG03,287,Connected - Not Interested,Negative,Credit Card,Customer refused politely.,4.783333333333333,tran quang trang,0804586971,"243 Hai Ba Trung, P.10",Da Nang,TP.HCM,Female,2008-02-02,SME,Da Nang - Hai Chau,Event,2024-07-06,Tran Quang Trang,0804586971
CL00030,C0022,2024-11-25,18:43,AG05,33,Busy,,Term Deposit,,0.55,pham quang phuc,+84526077141,"13 Nguyen Thi Minh Khai, P.2",Ho Chi Minh,Can Tho,Male,1988-03-10,VIP,Can Tho - Ninh Kieu,Partnership,2024-02-20,Pham Quang Phuc,0526077141
CL00031,C0022,2024-01-12,09:50,AG03,54,Wrong Number,,Savings Account,Phone number incorrect.,0.9,pham quang phuc,+84526077141,"13 Nguyen Thi Minh Khai, P.2",Ho Chi Minh,Can Tho,Male,1988-03-10,VIP,Can Tho - Ninh Kieu,Partnership,2024-02-20,Pham Quang Phuc,0526077141
CL00032,C0022,2024-08-02,08:25,AG05,12,No Answer,,Credit Card,,0.2,pham quang phuc,+84526077141,"13 Nguyen Thi Minh Khai, P.2",Ho Chi Minh,Can Tho,Male,1988-03-10,VIP,Can Tho - Ninh Kieu,Partnership,2024-02-20,Pham Quang Phuc,0526077141
CL00033,C0023,2024-03-30,09:50,AG07,45,Busy,,Savings Account,,0.75,vo anh quyen,+84585874226,"161 Dien Bien Phu, P.5",Can Tho,TP.HCM,Female,1986-06-17,Retail,Ha Noi - Hoan Kiem,Event,2024-02-24,Vo Anh Quyen,0585874226
CL00034,C0024,2024-11-09,12:49,AG03,49,Wrong Number,,Savings Account,Phone number incorrect.,0.8166666666666667,Vo Thanh Binh,+84813124340,"232 Nguyen Trai, P.10",Can Tho,Can Tho,Male,1987-03-05,SME,Ha Noi - Hoan Kiem,Old customer list,2024-11-15,Vo Thanh Binh,0813124340
CL00035,C0024,2024-08-04,12:56,AG02,40,Wrong Number,,Personal Loan,Phone number incorrect.,0.6666666666666666,Vo Thanh Binh,+84813124340,"232 Nguyen Trai, P.10",Can Tho,Can Tho,Male,1987-03-05,SME,Ha Noi - Hoan Kiem,Old customer list,2024-11-15,Vo Thanh Binh,0813124340
CL00036,C0024,2024-12-22,16:23,AG01,39,No Answer,,Savings Account,,0.65,Vo Thanh Binh,+84813124340,"232 Nguyen Trai, P.10",Can Tho,Can Tho,Male,1987-03-05,SME,Ha Noi - Hoan Kiem,Old customer list,2024-11-15,Vo Thanh Binh,0813124340
CL00037,C0025,2024-02-05,09:48,AG07,115,Registered Product,Negative,Personal Loan,Customer agreed to open product.,1.9166666666666667,DANG THANH QUYEN,0884 243 677,"160 Nguyen Thi Minh Khai, P.1",Can Tho,Hai Phong,Male,1992-09-22,Mass,Da Nang - Hai Chau,Branch referral,2024-05-10,Dang Thanh Quyen,0884243677
CL00038,C0025,2024-07-08,12:11,AG07,53,Wrong Number,,Personal Loan,Phone number incorrect.,0.8833333333333333,DANG THANH QUYEN,0884 243 677,"160 Nguyen Thi Minh Khai, P.1",Can Tho,Hai Phong,Male,1992-09-22,Mass,Da Nang - Hai Chau,Branch referral,2024-05-10,Dang Thanh Quyen,0884243677
CL00039,C0027,2024-08-04,10:40,AG01,34,Call Back Later,,Term Deposit,Customer asked to be called again next week.,0.5666666666666667,Pham Thi Nam,0916 526 716,"247 Cach Mang Thang 8, P.1",Hai Phong,TP.HCM,Female,2013-04-29,VIP,Da Nang - Hai Chau,Branch referral,2024-01-21,Pham Thi Nam,0916526716
CL00040,C0027,2024-03-02,11:47,AG06,29,Busy,,Term Deposit,,0.48333333333333334,Pham Thi Nam,0916 526 716,"247 Cach Mang Thang 8, P.1",Hai Phong,TP.HCM,Female,2013-04-29,VIP,Da Nang - Hai Chau,Branch referral,2024-01-21,Pham Thi Nam,0916526716
CL00041,C0029,2024-01-19,08:35,AG05,415,Registered Product,Positive,Personal Loan,Customer agreed to open product.,6.916666666666667,LE QUANG NAM,0756 697 485,"213 Le Loi, P.5",Can Tho,Ha Noi,Female,2011-11-21,VIP,Ha Noi - Hoan Kiem,Online form,2024-03-29,Le Quang Nam,0756697485
CL00042,C0029,2024-08-20,10:11,AG07,284,Registered Product,Neutral,Term Deposit,Customer agreed to open product.,4.733333333333333,LE QUANG NAM,0756 697 485,"213 Le Loi, P.5",Can Tho,Ha Noi,Female,2011-11-21,VIP,Ha Noi - Hoan Kiem,Online form,2024-03-29,Le Quang Nam,0756697485
CL00043,C0030,2024-07-24,11:18,AG05,51,Wrong Number,,Savings Account,Phone number incorrect.,0.85,bui minh nam,0927 387 209,"185 Ly Thuong Kiet, P.7",Hai Phong,Ha Noi,Female,2006-01-29,VIP,Da Nang - Hai Chau,Online form,2024-01-14,Bui Minh Nam,0927387209
CL00044,C0030,2024-03-09,10:11,AG04,29,Busy,,Savings Account,,0.48333333333333334,bui minh nam,0927 387 209,"185 Ly Thuong Kiet, P.7",Hai Phong,Ha Noi,Female,2006-01-29,VIP,Da Nang - Hai Chau,Online form,2024-01-14,Bui Minh Nam,0927387209
CL00045,C0030,2024-02-22,14:15,AG05,43,No Answer,,Savings Account,,0.7166666666666667,bui minh nam,0927 387 209,"185 Ly Thuong Kiet, P.7",Hai Phong,Ha Noi,Female,2006-01-29,VIP,Da Nang - Hai Chau,Online form,2024-01-14,Bui Minh Nam,0927387209
CL00046,C0032,2024-07-04,14:13,AG02,35,Busy,,Credit Card,,0.5833333333333334,pham hoai phuc,,"33 Cach Mang Thang 8, P.1",Ho Chi Minh,Hai Phong,Female,2002-04-08,Retail,Da Nang - Hai Chau,Online form,2024-02-22,Pham Hoai Phuc,
CL00047,C0034,2024-08-02,18:10,AG07,22,Call Back Later,,Credit Card,Customer asked to be called again next week.,0.36666666666666664,BUI ANH TU,0993 667 922,"62 Tran Hung Dao, P.10",Ho Chi Minh,Ha Noi,Male,2016-05-29,VIP,Da Nang - Hai Chau,Partnership,2024-09-20,Bui Anh Tu,0993667922
CL00048,C0034,2024-03-16,16:09,AG01,511,Registered Product,Neutral,Term Deposit,Customer agreed to open product.,8.516666666666667,BUI ANH TU,0993 667 922,"62 Tran Hung Dao, P.10",Ho Chi Minh,Ha Noi,Male,2016-05-29,VIP,Da Nang - Hai Chau,Partnership,2024-09-20,Bui Anh Tu,0993667922
CL00049,C0036,2024-01-07,15:41,AG02,13,No Answer,,Savings Account,,0.21666666666666667,Hoang Hong Phuc,,"65 Nguyen Trai, P.1",Ha Noi,Hai Phong,Male,1993-10-14,SME,Can Tho - Ninh Kieu,Online form,2024-02-19,Hoang Hong Phuc,
CL00050,C0037,2024-05-01,09:04,AG05,33,Call Back Later,,Personal Loan,Customer asked to be called again next week.,0.55,LE ANH QUYEN,0742948944,"220 Tran Hung Dao, P.5",Can Tho,Can Tho,Female,1985-10-14,VIP,Can Tho - Ninh Kieu,Online form,2024-01-02,Le Anh Quyen,0742948944
CL00051,C0037,2024-12-04,15:47,AG01,384,Connected - Not Interested,Neutral,Savings Account,Customer refused politely.,6.4,LE ANH QUYEN,0742948944,"220 Tran Hung Dao, P.5",Can Tho,Can Tho,Female,1985-10-14,VIP,Can Tho - Ninh Kieu,Online form,2024-01-02,Le Anh Quyen,0742948944
CL00052,C0038,2024-05-24,14:24,AG04,49,Busy,,Personal Loan,,0.8166666666666667,bui van loan,,"93 Pham Van Dong, P.15",Can Tho,TP.HCM,Male,2019-09-22,SME,Can Tho - Ninh Kieu,Branch referral,2024-02-23,Bui Van Loan,
CL00053,C0039,2024-03-10,19:30,AG04,464,Connected - Interested,Negative,Credit Card,,7.733333333333333,Hoang Anh Phuc,+84906773042,"243 Le Loi, P.15",Ha Noi,Can Tho,Female,2004-11-11,SME,Da Nang - Hai Chau,Old customer list,2024-09-16,Hoang Anh Phuc,0906773042
CL00054,C0039,2024-06-30,14:26,AG02,14,Busy,,Personal Loan,,0.23333333333333334,Hoang Anh Phuc,+84906773042,"243 Le Loi, P.15",Ha Noi,Can Tho,Female,2004-11-11,SME,Da Nang - Hai Chau,Old customer list,2024-09-16,Hoang Anh Phuc,0906773042
CL00055,C0039,2024-01-19,14:02,AG05,49,No Answer,,Credit Card,,0.8166666666666667,Hoang Anh Phuc,+84906773042,"243 Le Loi, P.15",Ha Noi,Can Tho,Female,2004-11-11,SME,Da Nang - Hai Chau,Old customer list,2024-09-16,Hoang Anh Phuc,0906773042
CL00056,C0040,2024-08-07,17:19,AG05,32,Wrong Number,,Personal Loan,Phone number incorrect.,0.5333333333333333,BUI HOAI PHUC,,"69 Nguyen Trai, P.5",Da Nang,Hai Phong,Female,2001-10-22,Retail,Da Nang - Hai Chau,Partnership,2024-07-09,Bui Hoai Phuc,
CL00057,C0041,2024-12-26,14:00,AG05,406,Connected - Not Interested,Negative,Credit Card,Customer refused politely.,6.766666666666667,BUI MINH LOAN,0873989238,"82 Pham Van Dong, P.15",Can Tho,Can Tho,Male,1983-06-07,VIP,HCM - District 1,Branch referral,2024-02-13,Bui Minh Loan,0873989238
CL00058,C0041,2024-12-13,16:59,AG01,53,Busy,,Credit Card,,0.8833333333333333,BUI MINH LOAN,0873989238,"82 Pham Van Dong, P.15",Can Tho,Can Tho,Male,1983-06-07,VIP,HCM - District 1,Branch referral,2024-02-13,Bui Minh Loan,0873989238
CL00059,C0042,2024-04-26,13:57,AG05,575,Connected - Not Interested,Negative,Credit Card,Customer refused politely.,9.583333333333334,do minh binh,0709-018-907,"160 Ly Thuong Kiet, P.15",Ho Chi Minh,Da Nang,Female,2010-11-04,SME,Da Nang - Hai Chau,Partnership,2024-07-20,Do Minh Binh,0709018907
CL00060,C0042,2024-06-08,12:15,AG03,232,Registered Product,Neutral,Credit Card,Customer agreed to open product.,3.8666666666666667,do minh binh,0709-018-907,"160 Ly Thuong Kiet, P.15",Ho Chi Minh,Da Nang,Female,2010-11-04,SME,Da Nang - Hai Chau,Partnership,2024-07-20,Do Minh Binh,0709018907
CL00061,C0042,2024-09-08,12:35,AG03,246,Connected - Not Interested,Positive,Credit Card,Customer refused politely.,4.1,do minh binh,0709-018-907,"160 Ly Thuong Kiet, P.15",Ho Chi Minh,Da Nang,Female,2010-11-04,SME,Da Nang - Hai Chau,Partnership,2024-07-20,Do Minh Binh,0709018907
CL00062,C0043,2024-02-16,16:48,AG07,545,Registered Product,Negative,Personal Loan,Customer agreed to open product.,9.083333333333334,NGUYEN VAN TRANG,0362-209-771,"232 Nguyen Trai, P.1",Da Nang,TP.HCM,Female,2018-11-12,SME,Ha Noi - Hoan Kiem,Old customer list,2024-09-26,Nguyen Van Trang,0362209771
CL00063,C0043,2024-01-01,12:53,AG07,278,Connected - Not Interested,Positive,Savings Account,Customer refused politely.,4.633333333333334,NGUYEN VAN TRANG,0362-209-771,"232 Nguyen Trai, P.1",Da Nang,TP.HCM,Female,2018-11-12,SME,Ha Noi - Hoan Kiem,Old customer list,2024-09-26,Nguyen Van Trang,0362209771
CL00064,C0043,2024-01-12,17:31,AG04,377,Connected - Interested,Negative,Term Deposit,,6.283333333333333,NGUYEN VAN TRANG,0362-209-771,"232 Nguyen Trai, P.1",Da Nang,TP.HCM,Female,2018-11-12,SME,Ha Noi - Hoan Kiem,Old customer list,2024-09-26,Nguyen Van Trang,0362209771
CL00065,C0044,2024-06-04,12:07,AG04,32,Wrong Number,,Savings Account,Phone number incorrect.,0.5333333333333333,le hoai quyen,0357 108 629,"119 Cach Mang Thang 8, P.7",Da Nang,TP.HCM,Female,2017-11-17,SME,Can Tho - Ninh Kieu,Branch referral,2024-09-27,Le Hoai Quyen,0357108629
CL00066,C0044,2024-03-30,15:57,AG02,335,Registered Product,Negative,Savings Account,Customer agreed to open product.,5.583333333333333,le hoai quyen,0357 108 629,"119 Cach Mang Thang 8, P.7",Da Nang,TP.HCM,Female,2017-11-17,SME,Can Tho - Ninh Kieu,Branch referral,2024-09-27,Le Hoai Quyen,0357108629
CL00067,C0044,2024-01-28,19:36,AG04,60,Registered Product,Neutral,Personal Loan,Customer agreed to open product.,1.0,le hoai quyen,0357 108 629,"119 Cach Mang Thang 8, P.7",Da Nang,TP.HCM,Female,2017-11-17,SME,Can Tho - Ninh Kieu,Branch referral,2024-09-27,Le Hoai Quyen,0357108629
CL00068,C0045,2024-05-24,16:32,AG04,57,Wrong Number,,Personal Loan,Phone number incorrect.,0.95,TRAN ANH LOAN,,"92 Cach Mang Thang 8, P.15",Da Nang,TP.HCM,Female,2008-11-28,SME,HCM - District 1,Partnership,2024-08-02,Tran Anh Loan,
CL00069,C0045,2024-08-07,10:05,AG03,22,Busy,,Personal Loan,,0.36666666666666664,TRAN ANH LOAN,,"92 Cach Mang Thang 8, P.15",Da Nang,TP.HCM,Female,2008-11-28,SME,HCM - District 1,Partnership,2024-08-02,Tran Anh Loan,
CL00070,C0045,2024-09-12,12:46,AG02,29,Busy,,Credit Card,,0.48333333333333334,TRAN ANH LOAN,,"92 Cach Mang Thang 8, P.15",Da Nang,TP.HCM,Female,2008-11-28,SME,HCM - District 1,Partnership,2024-08-02,Tran Anh Loan,
CL00071,C0046,2024-11-07,09:58,AG07,24,Registered Product,Negative,Personal Loan,Customer agreed to open product.,0.4,Nguyen Anh Tu,0963666768,"80 Pham Van Dong, P.1",Hai Phong,Da Nang,Male,2000-08-14,Mass,Ha Noi - Hoan Kiem,Event,2024-07-08,Nguyen Anh Tu,0963666768
CL00072,C0047,2024-10-15,13:00,AG07,22,Busy,,Credit Card,,0.36666666666666664,Dang Ngoc Trang,0778-352-199,"206 Le Loi, P.7",Ho Chi Minh,Ha Noi,Male,2001-10-12,VIP,Can Tho - Ninh Kieu,Event,2024-07-31,Dang Ngoc Trang,0778352199
CL00073,C0047,2024-06-25,18:20,AG07,301,Registered Product,Negative,Credit Card,Customer agreed to open product.,5.016666666666667,Dang Ngoc Trang,0778-352-199,"206 Le Loi, P.7",Ho Chi Minh,Ha Noi,Male,2001-10-12,VIP,Can Tho - Ninh Kieu,Event,2024-07-31,Dang Ngoc Trang,0778352199
CL00074,C0047,2024-08-04,13:58,AG01,480,Connected - Interested,Negative,Term Deposit,,8.0,Dang Ngoc Trang,0778-352-199,"206 Le Loi, P.7",Ho Chi Minh,Ha Noi,Male,2001-10-12,VIP,Can Tho - Ninh Kieu,Event,2024-07-31,Dang Ngoc Trang,0778352199
CL00075,C0048,2024-04-14,10:00,AG07,25,Busy,,Savings Account,,0.4166666666666667,tran quang an,+84354665891,"7 Nguyen Thi Minh Khai, P.5",Hai Phong,Ha Noi,Male,2006-05-05,VIP,Ha Noi - Hoan Kiem,Old customer list,2024-08-24,Tran Quang An,0354665891
CL00076,C0049,2024-07-15,12:37,AG05,7,Wrong Number,,Personal Loan,Phone number incorrect.,0.11666666666666667,Tran Ngoc An,+84534081467,"151 Tran Hung Dao, P.7",Ho Chi Minh,Can Tho,Female,1996-05-15,SME,HCM - District 1,Event,2024-02-22,Tran Ngoc An,0534081467
CL00077,C0050,2024-02-22,12:09,AG03,14,Busy,,Credit Card,,0.23333333333333334,Pham Anh Phuc,+84980659331,"24 Dien Bien Phu, P.15",Hai Phong,TP.HCM,Male,1996-04-17,SME,HCM - Phu Nhuan,Branch referral,2024-08-04,Pham Anh Phuc,0980659331
CL00078,C0050,2024-05-24,12:13,AG06,13,Busy,,Savings Account,,0.21666666666666667,Pham Anh Phuc,+84980659331,"24 Dien Bien Phu, P.15",Hai Phong,TP.HCM,Male,1996-04-17,SME,HCM - Phu Nhuan,Branch referral,2024-08-04,Pham Anh Phuc,0980659331
CL00079,C0052,2024-06-21,11:00,AG02,53,Call Back Later,,Term Deposit,Customer asked to be called again next week.,0.8833333333333333,vo thi nam,0507 574 751,"243 Nguyen Trai, P.15",Hai Phong,Da Nang,Female,1997-06-08,Mass,HCM - District 1,Old customer list,2024-02-10,Vo Thi Nam,0507574751
CL00080,C0052,2024-12-13,15:38,AG02,30,No Answer,,Savings Account,,0.5,vo thi nam,0507 574 751,"243 Nguyen Trai, P.15",Hai Phong,Da Nang,Female,1997-06-08,Mass,HCM - District 1,Old customer list,2024-02-10,Vo Thi Nam,0507574751
CL00081,C0053,2024-04-27,10:58,AG04,325,Connected - Interested,Negative,Credit Card,,5.416666666666667,dang quang binh,+84774831165,"153 Nguyen Thi Minh Khai, P.5",Can Tho,Hai Phong,Female,2016-01-20,Mass,HCM - District 1,Partnership,2024-01-15,Dang Quang Binh,0774831165
CL00082,C0055,2024-08-23,12:29,AG03,34,Busy,,Savings Account,,0.5666666666666667,DO THANH LOAN,0713678796,"148 Nguyen Thi Minh Khai, P.2",Ha Noi,Can Tho,Male,1997-12-12,Mass,Ha Noi - Hoan Kiem,Partnership,2024-01-09,Do Thanh Loan,0713678796
CL00083,C0058,2024-09-11,14:14,AG05,41,No Answer,,Personal Loan,,0.6833333333333333,dang anh phuc,0927 142 646,"102 Nguyen Trai, P.1",Ha Noi,Da Nang,Male,1997-05-21,Retail,Ha Noi - Hoan Kiem,Event,2024-03-03,Dang Anh Phuc,0927142646
CL00084,C0058,2024-03-06,18:50,AG06,43,Wrong Number,,Personal Loan,Phone number incorrect.,0.7166666666666667,dang anh phuc,0927 142 646,"102 Nguyen Trai, P.1",Ha Noi,Da Nang,Male,1997-05-21,Retail,Ha Noi - Hoan Kiem,Event,2024-03-03,Dang Anh Phuc,0927142646
CL00085,C0058,2024-07-10,19:33,AG02,325,Connected - Not Interested,Negative,Personal Loan,Customer refused politely.,5.416666666666667,dang anh phuc,0927 142 646,"102 Nguyen Trai, P.1",Ha Noi,Da Nang,Male,1997-05-21,Retail,Ha Noi - Hoan Kiem,Event,2024-03-03,Dang Anh Phuc,0927142646
CL00086,C0059,2024-10-12,18:50,AG02,466,Connected - Not Interested,Neutral,Term Deposit,Customer refused politely.,7.766666666666667,vo van an,+84971375880,"5 Pham Van Dong, P.1",Da Nang,Hai Phong,Female,1984-01-23,VIP,Da Nang - Hai Chau,Event,2024-03-21,Vo Van An,0971375880
CL00087,C0060,2024-09-05,13:32,AG07,28,Wrong Number,,Personal Loan,Phone number incorrect.,0.4666666666666667,tran quang an,,"21 Ly Thuong Kiet, P.5",Da Nang,Ha Noi,Female,2017-10-11,Retail,HCM - District 1,Partnership,2024-06-11,Tran Quang An,
CL00088,C0060,2024-01-30,14:41,AG01,55,No Answer,,Credit Card,,0.9166666666666666,tran quang an,,"21 Ly Thuong Kiet, P.5",Da Nang,Ha Noi,Female,2017-10-11,Retail,HCM - District 1,Partnership,2024-06-11,Tran Quang An,
CL00089,C0060,2024-05-12,11:09,AG02,21,Busy,,Term Deposit,,0.35,tran quang an,,"21 Ly Thuong Kiet, P.5",Da Nang,Ha Noi,Female,2017-10-11,Retail,HCM - District 1,Partnership,2024-06-11,Tran Quang An,
CL00090,C0062,2024-12-05,15:04,AG06,565,Connected - Not Interested,Neutral,Personal Loan,Customer refused politely.,9.416666666666666,bui van phuc,0767530403,"166 Le Loi, P.10",Hai Phong,Hai Phong,Female,1992-09-27,VIP,Can Tho - Ninh Kieu,Partnership,2024-09-17,Bui Van Phuc,0767530403
CL00091,C0062,2024-02-22,09:12,AG03,47,No Answer,,Term Deposit,,0.7833333333333333,bui van phuc,0767530403,"166 Le Loi, P.10",Hai Phong,Hai Phong,Female,1992-09-27,VIP,Can Tho - Ninh Kieu,Partnership,2024-09-17,Bui Van Phuc,0767530403
CL00092,C0062,2024-08-27,18:50,AG01,51,No Answer,,Term Deposit,,0.85,bui van phuc,0767530403,"166 Le Loi, P.10",Hai Phong,Hai Phong,Female,1992-09-27,VIP,Can Tho - Ninh Kieu,Partnership,2024-09-17,Bui Van Phuc,0767530403
CL00093,C0063,2024-07-01,18:53,AG04,539,Connected - Not Interested,Negative,Credit Card,Customer refused politely.,8.983333333333333,nguyen anh trang,0365948890,"64 Pham Van Dong, P.7",Hai Phong,Hai Phong,Male,1999-12-03,SME,Ha Noi - Hoan Kiem,Event,2024-08-18,Nguyen Anh Trang,0365948890
CL00094,C0063,2024-12-25,11:55,AG03,29,Wrong Number,,Credit Card,Phone number incorrect.,0.48333333333333334,nguyen anh trang,0365948890,"64 Pham Van Dong, P.7",Hai Phong,Hai Phong,Male,1999-12-03,SME,Ha Noi - Hoan Kiem,Event,2024-08-18,Nguyen Anh Trang,0365948890
CL00095,C0064,2024-07-13,18:28,AG02,80,Registered Product,Positive,Personal Loan,Customer agreed to open product.,1.3333333333333333,DANG QUANG LOAN,0557 600 627,"86 Le Loi, P.10",Ha Noi,Da Nang,Female,2000-03-06,VIP,HCM - Phu Nhuan,Partnership,2024-01-28,Dang Quang Loan,0557600627
CL00096,C0064,2024-02-20,10:20,AG02,24,Registered Product,Positive,Term Deposit,Customer agreed to open product.,0.4,DANG QUANG LOAN,0557 600 627,"86 Le Loi, P.10",Ha Noi,Da Nang,Female,2000-03-06,VIP,HCM - Phu Nhuan,Partnership,2024-01-28,Dang Quang Loan,0557600627
CL00097,C0064,2024-04-01,17:21,AG06,424,Registered Product,Neutral,Credit Card,Customer agreed to open product.,7.066666666666666,DANG QUANG LOAN,0557 600 627,"86 Le Loi, P.10",Ha Noi,Da Nang,Female,2000-03-06,VIP,HCM - Phu Nhuan,Partnership,2024-01-28,Dang Quang Loan,0557600627
CL00098,C0068,2024-12-11,09:48,AG02,97,Connected - Not Interested,Negative,Credit Card,Customer refused politely.,1.6166666666666667,LE HONG AN,,"38 Ly Thuong Kiet, P.1",Ha Noi,Can Tho,Female,1990-06-20,Mass,Da Nang - Hai Chau,Online form,2024-04-08,Le Hong An,
CL00099,C0068,2024-10-27,18:08,AG01,30,Busy,,Savings Account,,0.5,LE HONG AN,,"38 Ly Thuong Kiet, P.1",Ha Noi,Can Tho,Female,1990-06-20,Mass,Da Nang - Hai Chau,Online form,2024-04-08,Le Hong An,
CL00100,C0068,2024-02-16,16:21,AG06,258,Connected - Not Interested,Neutral,Term Deposit,Customer refused politely.,4.3,LE HONG AN,,"38 Ly Thuong Kiet, P.1",Ha Noi,Can Tho,Female,1990-06-20,Mass,Da Nang - Hai Chau,Online form,2024-04-08,Le Hong An,
CL00101,C0069,2024-11-14,08:25,AG01,276,Connected - Not Interested,Negative,Personal Loan,Customer refused politely.,4.6,Dang Thanh Loan,0930-230-731,"235 Pham Van Dong, P.15",Ha Noi,Can Tho,Female,2013-01-04,Mass,HCM - District 1,Online form,2024-12-25,Dang Thanh Loan,0930230731
CL00102,C0069,2024-12-20,11:14,AG07,322,Registered Product,Neutral,Personal Loan,Customer agreed to open product.,5.366666666666666,Dang Thanh Loan,0930-230-731,"235 Pham Van Dong, P.15",Ha Noi,Can Tho,Female,2013-01-04,Mass,HCM - District 1,Online form,2024-12-25,Dang Thanh Loan,0930230731
CL00103,C0070,2024-08-01,17:27,AG06,27,No Answer,,Savings Account,,0.45,HOANG HOAI NAM,+84596472126,"17 Le Loi, P.7",Hai Phong,Hai Phong,Male,1996-10-31,Retail,HCM - Phu Nhuan,Event,2024-02-04,Hoang Hoai Nam,0596472126
CL00104,C0070,2024-08-03,09:44,AG06,30,Busy,,Savings Account,,0.5,HOANG HOAI NAM,+84596472126,"17 Le Loi, P.7",Hai Phong,Hai Phong,Male,1996-10-31,Retail,HCM - Phu Nhuan,Event,2024-02-04,Hoang Hoai Nam,0596472126
CL00105,C0070,2024-07-05,15:50,AG03,11,Call Back Later,,Credit Card,Customer asked to be called again next week.,0.18333333333333332,HOANG HOAI NAM,+84596472126,"17 Le Loi, P.7",Hai Phong,Hai Phong,Male,1996-10-31,Retail,HCM - Phu Nhuan,Event,2024-02-04,Hoang Hoai Nam,0596472126
CL00106,C0071,2024-08-25,18:46,AG05,527,Connected - Interested,Positive,Personal Loan,,8.783333333333333,Dang Thi Loan,,"6 Ly Thuong Kiet, P.7",Ho Chi Minh,Can Tho,Female,2005-03-12,SME,HCM - District 1,Event,2024-08-14,Dang Thi Loan,
CL00107,C0071,2024-09-30,17:37,AG03,39,Busy,,Savings Account,,0.65,Dang Thi Loan,,"6 Ly Thuong Kiet, P.7",Ho Chi Minh,Can Tho,Female,2005-03-12,SME,HCM - District 1,Event,2024-08-14,Dang Thi Loan,
CL00108,C0072,2024-07-10,16:54,AG04,41,Busy,,Personal Loan,,0.6833333333333333,TRAN MINH TRANG,+84861571336,"162 Tran Hung Dao, P.2",Ho Chi Minh,Can Tho,Male,1993-07-03,SME,HCM - Phu Nhuan,Online form,2024-05-10,Tran Minh Trang,0861571336
CL00109,C0072,2024-07-20,14:56,AG07,21,No Answer,,Personal Loan,,0.35,TRAN MINH TRANG,+84861571336,"162 Tran Hung Dao, P.2",Ho Chi Minh,Can Tho,Male,1993-07-03,SME,HCM - Phu Nhuan,Online form,2024-05-10,Tran Minh Trang,0861571336
CL00110,C0073,2024-05-05,19:24,AG05,21,No Answer,,Personal Loan,,0.35,pham thi loan,0759-527-137,"32 Hai Ba Trung, P.7",Can Tho,Can Tho,Female,2003-03-18,SME,HCM - Phu Nhuan,Old customer list,2024-01-05,Pham Thi Loan,0759527137
CL00111,C0074,2024-01-25,11:09,AG01,7,No Answer,,Savings Account,,0.11666666666666667,bui minh quyen,0787-068-530,"115 Ly Thuong Kiet, P.2",Can Tho,Da Nang,Female,2017-09-20,Mass,Ha Noi - Hoan Kiem,Partnership,2024-09-11,Bui Minh Quyen,0787068530
CL00112,C0074,2024-04-18,09:46,AG07,40,Busy,,Savings Account,,0.6666666666666666,bui minh quyen,0787-068-530,"115 Ly Thuong Kiet, P.2",Can Tho,Da Nang,Female,2017-09-20,Mass,Ha Noi - Hoan Kiem,Partnership,2024-09-11,Bui Minh Quyen,0787068530
CL00113,C0074,2024-02-03,15:39,AG04,53,No Answer,,Credit Card,,0.8833333333333333,bui minh quyen,0787-068-530,"115 Ly Thuong Kiet, P.2",Can Tho,Da Nang,Female,2017-09-20,Mass,Ha Noi - Hoan Kiem,Partnership,2024-09-11,Bui Minh Quyen,0787068530
CL00114,C0075,2024-02-11,16:36,AG04,10,Wrong Number,,Credit Card,Phone number incorrect.,0.16666666666666666,Dang Hong An,0864571086,"33 Le Loi, P.2",Da Nang,Da Nang,Female,2001-12-26,Mass,Can Tho - Ninh Kieu,Branch referral,2024-12-24,Dang Hong An,0864571086
CL00115,C0075,2024-10-08,09:58,AG05,334,Registered Product,Neutral,Personal Loan,Customer agreed to open product.,5.566666666666666,Dang Hong An,0864571086,"33 Le Loi, P.2",Da Nang,Da Nang,Female,2001-12-26,Mass,Can Tho - Ninh Kieu,Branch referral,2024-12-24,Dang Hong An,0864571086
CL00116,C0076,2024-08-16,16:32,AG06,57,No Answer,,Term Deposit,,0.95,bui minh loan,,"100 Nguyen Thi Minh Khai, P.1",Da Nang,Da Nang,Female,1997-01-17,Retail,Can Tho - Ninh Kieu,Event,2024-07-25,Bui Minh Loan,
CL00117,C0078,2024-03-10,14:47,AG06,535,Registered Product,Negative,Term Deposit,Customer agreed to open product.,8.916666666666666,Tran Hoai Nam,+84770538560,"184 Pham Van Dong, P.10",Can Tho,Can Tho,Male,1985-05-09,Retail,Ha Noi - Hoan Kiem,Online form,2024-06-27,Tran Hoai Nam,0770538560
CL00118,C0079,2024-11-13,15:54,AG07,156,Connected - Interested,Neutral,Personal Loan,,2.6,bui anh quyen,,"40 Cach Mang Thang 8, P.2",Ha Noi,Da Nang,Male,2003-04-10,SME,Can Tho - Ninh Kieu,Event,2024-08-18,Bui Anh Quyen,
CL00119,C0079,2024-08-30,15:36,AG07,40,Busy,,Credit Card,,0.6666666666666666,bui anh quyen,,"40 Cach Mang Thang 8, P.2",Ha Noi,Da Nang,Male,2003-04-10,SME,Can Tho - Ninh Kieu,Event,2024-08-18,Bui Anh Quyen,
CL00120,C0080,2024-11-17,11:27,AG04,94,Registered Product,Positive,Personal Loan,Customer agreed to open product.,1.5666666666666667,TRAN HONG TRANG,,"185 Hai Ba Trung, P.10",Ho Chi Minh,TP.HCM,Male,1996-12-30,Mass,Can Tho - Ninh Kieu,Event,2024-02-21,Tran Hong Trang,
CL00121,C0081,2024-05-13,13:48,AG06,34,Busy,,Term Deposit,,0.5666666666666667,pham quang an,0985 632 844,"113 Ly Thuong Kiet, P.7",Can Tho,Ha Noi,Female,1999-06-21,Retail,Ha Noi - Hoan Kiem,Event,2024-04-05,Pham Quang An,0985632844
CL00122,C0081,2024-03-02,16:01,AG02,411,Registered Product,Positive,Savings Account,Customer agreed to open product.,6.85,pham quang an,0985 632 844,"113 Ly Thuong Kiet, P.7",Can Tho,Ha Noi,Female,1999-06-21,Retail,Ha Noi - Hoan Kiem,Event,2024-04-05,Pham Quang An,0985632844
CL00123,C0082,2024-06-21,19:04,AG02,345,Connected - Not Interested,Neutral,Credit Card,Customer refused politely.,5.75,vo quang nam,+84551214109,"64 Tran Hung Dao, P.5",Hai Phong,Da Nang,Male,2003-09-23,Retail,Da Nang - Hai Chau,Partnership,2024-08-09,Vo Quang Nam,0551214109
CL00124,C0082,2024-04-27,11:18,AG01,24,No Answer,,Personal Loan,,0.4,vo quang nam,+84551214109,"64 Tran Hung Dao, P.5",Hai Phong,Da Nang,Male,2003-09-23,Retail,Da Nang - Hai Chau,Partnership,2024-08-09,Vo Quang Nam,0551214109
CL00125,C0083,2024-04-22,19:46,AG02,5,Call Back Later,,Personal Loan,Customer asked to be called again next week.,0.08333333333333333,bui anh tu,0809-592-304,"138 Nguyen Trai, P.1",Can Tho,Ha Noi,Female,2001-11-10,SME,Da Nang - Hai Chau,Event,2024-08-18,Bui Anh Tu,0809592304
CL00126,C0083,2024-05-21,13:36,AG07,15,Call Back Later,,Personal Loan,Customer asked to be called again next week.,0.25,bui anh tu,0809-592-304,"138 Nguyen Trai, P.1",Can Tho,Ha Noi,Female,2001-11-10,SME,Da Nang - Hai Chau,Event,2024-08-18,Bui Anh Tu,0809592304
CL00127,C0083,2024-12-21,18:02,AG06,37,Wrong Number,,Term Deposit,Phone number incorrect.,0.6166666666666667,bui anh tu,0809-592-304,"138 Nguyen Trai, P.1",Can Tho,Ha Noi,Female,2001-11-10,SME,Da Nang - Hai Chau,Event,2024-08-18,Bui Anh Tu,0809592304
CL00128,C0084,2024-01-10,12:22,AG04,14,No Answer,,Term Deposit,,0.23333333333333334,NGUYEN QUANG AN,0553234586,"33 Le Loi, P.7",Da Nang,Da Nang,Female,1991-11-13,Retail,HCM - Phu Nhuan,Partnership,2024-05-22,Nguyen Quang An,0553234586
CL00129,C0085,2024-01-13,15:01,AG07,340,Registered Product,Neutral,Term Deposit,Customer agreed to open product.,5.666666666666667,Do Quang Quyen,0501-344-653,"42 Ly Thuong Kiet, P.10",Da Nang,Hai Phong,Female,1985-11-21,VIP,Can Tho - Ninh Kieu,Event,2024-01-29,Do Quang Quyen,0501344653
CL00130,C0090,2024-02-07,14:34,AG07,34,Busy,,Credit Card,,0.5666666666666667,Do Hong Nam,0865265604,"175 Tran Hung Dao, P.1",Hai Phong,Ha Noi,Female,2009-10-16,VIP,Da Nang - Hai Chau,Branch referral,2024-06-18,Do Hong Nam,0865265604
CL00131,C0090,2024-10-31,12:59,AG02,255,Connected - Not Interested,Positive,Credit Card,Customer refused politely.,4.25,Do Hong Nam,0865265604,"175 Tran Hung Dao, P.1",Hai Phong,Ha Noi,Female,2009-10-16,VIP,Da Nang - Hai Chau,Branch referral,2024-06-18,Do Hong Nam,0865265604
CL00132,C0091,2024-05-16,09:11,AG03,39,Call Back Later,,Credit Card,Customer asked to be called again next week.,0.65,HOANG MINH TU,0807 627 809,"240 Nguyen Trai, P.7",Can Tho,Ha Noi,Female,2018-10-23,Mass,HCM - District 1,Event,2024-05-13,Hoang Minh Tu,0807627809
CL00133,C0093,2024-11-15,13:59,AG03,33,Call Back Later,,Personal Loan,Customer asked to be called again next week.,0.55,LE QUANG KHANH,0834-094-903,"245 Hai Ba Trung, P.5",Hai Phong,Hai Phong,Male,2010-11-04,SME,Ha Noi - Hoan Kiem,Branch referral,2024-12-05,Le Quang Khanh,0834094903
CL00134,C0093,2024-12-26,12:13,AG03,34,Call Back Later,,Savings Account,Customer asked to be called again next week.,0.5666666666666667,LE QUANG KHANH,0834-094-903,"245 Hai Ba Trung, P.5",Hai Phong,Hai Phong,Male,2010-11-04,SME,Ha Noi - Hoan Kiem,Branch referral,2024-12-05,Le Quang Khanh,0834094903
CL00135,C0093,2024-07-31,12:04,AG06,398,Connected - Not Interested,Positive,Term Deposit,Customer refused politely.,6.633333333333334,LE QUANG KHANH,0834-094-903,"245 Hai Ba Trung, P.5",Hai Phong,Hai Phong,Male,2010-11-04,SME,Ha Noi - Hoan Kiem,Branch referral,2024-12-05,Le Quang Khanh,0834094903
CL00136,C0094,2024-03-02,11:24,AG01,61,Connected - Interested,Positive,Savings Account,,1.0166666666666666,nguyen van phuc,,"57 Dien Bien Phu, P.2",Can Tho,Ha Noi,Female,1987-07-18,SME,Da Nang - Hai Chau,Partnership,2024-11-26,Nguyen Van Phuc,
CL00137,C0095,2024-10-22,15:38,AG06,44,Busy,,Savings Account,,0.7333333333333333,Bui Thanh Trang,,"52 Nguyen Thi Minh Khai, P.2",Ha Noi,Da Nang,Female,1998-04-20,Mass,HCM - Phu Nhuan,Partnership,2024-12-13,Bui Thanh Trang,
CL00138,C0096,2024-06-27,13:32,AG07,42,Connected - Interested,Neutral,Savings Account,,0.7,bui van quyen,0884-540-487,"210 Nguyen Trai, P.15",Ha Noi,Hai Phong,Male,2011-07-18,Mass,Da Nang - Hai Chau,Event,2024-08-18,Bui Van Quyen,0884540487
CL00139,C0096,2024-05-22,08:24,AG01,164,Connected - Interested,Neutral,Credit Card,,2.7333333333333334,bui van quyen,0884-540-487,"210 Nguyen Trai, P.15",Ha Noi,Hai Phong,Male,2011-07-18,Mass,Da Nang - Hai Chau,Event,2024-08-18,Bui Van Quyen,0884540487
CL00140,C0096,2024-11-04,15:39,AG03,58,Connected - Interested,Negative,Term Deposit,,0.9666666666666667,bui van quyen,0884-540-487,"210 Nguyen Trai, P.15",Ha Noi,Hai Phong,Male,2011-07-18,Mass,Da Nang - Hai Chau,Event,2024-08-18,Bui Van Quyen,0884540487
CL00141,C0097,2024-05-13,10:06,AG02,55,No Answer,,Credit Card,,0.9166666666666666,Tran Thanh An,+84794211679,"115 Ly Thuong Kiet, P.7",Ho Chi Minh,Hai Phong,Male,1986-07-26,SME,HCM - District 1,Branch referral,2024-08-12,Tran Thanh An,0794211679
CL00142,C0098,2024-01-15,08:51,AG07,497,Connected - Not Interested,Negative,Personal Loan,Customer refused politely.,8.283333333333333,Do Quang Quyen,0372 002 655,"118 Hai Ba Trung, P.2",Da Nang,Ha Noi,Male,2012-09-28,Mass,Da Nang - Hai Chau,Partnership,2024-04-30,Do Quang Quyen,0372002655
CL00143,C0098,2024-06-05,13:56,AG05,37,Busy,,Credit Card,,0.6166666666666667,Do Quang Quyen,0372 002 655,"118 Hai Ba Trung, P.2",Da Nang,Ha Noi,Male,2012-09-28,Mass,Da Nang - Hai Chau,Partnership,2024-04-30,Do Quang Quyen,0372002655
CL00144,C0098,2024-10-15,11:21,AG05,541,Connected - Not Interested,Negative,Credit Card,Customer refused politely.,9.016666666666667,Do Quang Quyen,0372 002 655,"118 Hai Ba Trung, P.2",Da Nang,Ha Noi,Male,2012-09-28,Mass,Da Nang - Hai Chau,Partnership,2024-04-30,Do Quang Quyen,0372002655
CL00145,C0099,2024-11-25,08:53,AG07,178,Connected - Interested,Positive,Personal Loan,,2.966666666666667,Nguyen Hoai Trang,0310570742,"36 Nguyen Thi Minh Khai, P.5",Ha Noi,Hai Phong,Female,2008-12-05,SME,HCM - Phu Nhuan,Event,2024-08-20,Nguyen Hoai Trang,0310570742
CL00146,C0099,2024-08-15,15:51,AG05,34,Registered Product,Neutral,Term Deposit,Customer agreed to open product.,0.5666666666666667,Nguyen Hoai Trang,0310570742,"36 Nguyen Thi Minh Khai, P.5",Ha Noi,Hai Phong,Female,2008-12-05,SME,HCM - Phu Nhuan,Event,2024-08-20,Nguyen Hoai Trang,0310570742
CL00147,C0100,2024-09-17,11:11,AG02,49,Busy,,Personal Loan,,0.8166666666666667,le thanh trang,+84730989644,"202 Nguyen Thi Minh Khai, P.5",Can Tho,Can Tho,Male,2007-05-12,SME,Da Nang - Hai Chau,Branch referral,2024-12-24,Le Thanh Trang,0730989644
CL00148,C0100,2024-04-04,10:50,AG04,40,Wrong Number,,Term Deposit,Phone number incorrect.,0.6666666666666666,le thanh trang,+84730989644,"202 Nguyen Thi Minh Khai, P.5",Can Tho,Can Tho,Male,2007-05-12,SME,Da Nang - Hai Chau,Branch referral,2024-12-24,Le Thanh Trang,0730989644
CL00149,C0100,2024-10-08,18:26,AG04,88,Connected - Not Interested,Negative,Credit Card,Customer refused politely.,1.4666666666666666,le thanh trang,+84730989644,"202 Nguyen Thi Minh Khai, P.5",Can Tho,Can Tho,Male,2007-05-12,SME,Da Nang - Hai Chau,Branch referral,2024-12-24,Le Thanh Trang,0730989644
CL00150,C0101,2024-09-10,17:39,AG06,42,Wrong Number,,Term Deposit,Phone number incorrect.,0.7,Do Anh Trang,0337-895-951,"53 Hai Ba Trung, P.15",Ho Chi Minh,Can Tho,Female,1995-01-27,Mass,Can Tho - Ninh Kieu,Branch referral,2024-05-16,Do Anh Trang,0337895951
CL00151,C0101,2024-07-18,14:46,AG06,30,Call Back Later,,Term Deposit,Customer asked to be called again next week.,0.5,Do Anh Trang,0337-895-951,"53 Hai Ba Trung, P.15",Ho Chi Minh,Can Tho,Female,1995-01-27,Mass,Can Tho - Ninh Kieu,Branch referral,2024-05-16,Do Anh Trang,0337895951
CL00152,C0102,2024-08-05,15:17,AG01,29,Wrong Number,,Personal Loan,Phone number incorrect.,0.48333333333333334,NGUYEN HONG KHANH,0760-085-622,"245 Nguyen Trai, P.2",Ha Noi,TP.HCM,Female,2018-07-03,Retail,Can Tho - Ninh Kieu,Branch referral,2024-06-13,Nguyen Hong Khanh,0760085622
CL00153,C0102,2024-04-20,15:59,AG04,47,No Answer,,Term Deposit,,0.7833333333333333,NGUYEN HONG KHANH,0760-085-622,"245 Nguyen Trai, P.2",Ha Noi,TP.HCM,Female,2018-07-03,Retail,Can Tho - Ninh Kieu,Branch referral,2024-06-13,Nguyen Hong Khanh,0760085622
CL00154,C0103,2024-12-21,11:04,AG07,41,Wrong Number,,Credit Card,Phone number incorrect.,0.6833333333333333,dang hoai quyen,0873-532-540,"235 Dien Bien Phu, P.5",Da Nang,Can Tho,Male,1988-06-17,Retail,HCM - Phu Nhuan,Online form,2024-05-31,Dang Hoai Quyen,0873532540
CL00155,C0103,2024-04-15,08:27,AG01,397,Registered Product,Positive,Term Deposit,Customer agreed to open product.,6.616666666666666,dang hoai quyen,0873-532-540,"235 Dien Bien Phu, P.5",Da Nang,Can Tho,Male,1988-06-17,Retail,HCM - Phu Nhuan,Online form,2024-05-31,Dang Hoai Quyen,0873532540
CL00156,C0103,2024-02-20,15:40,AG03,26,No Answer,,Personal Loan,,0.43333333333333335,dang hoai quyen,0873-532-540,"235 Dien Bien Phu, P.5",Da Nang,Can Tho,Male,1988-06-17,Retail,HCM - Phu Nhuan,Online form,2024-05-31,Dang Hoai Quyen,0873532540
CL00157,C0104,2024-09-13,12:20,AG06,30,Busy,,Personal Loan,,0.5,hoang thanh khanh,+84813384662,"118 Tran Hung Dao, P.15",Da Nang,Ha Noi,Male,2014-11-07,VIP,HCM - Phu Nhuan,Partnership,2024-11-10,Hoang Thanh Khanh,0813384662
CL00158,C0104,2024-06-30,14:56,AG07,20,Connected - Not Interested,Neutral,Savings Account,Customer refused politely.,0.3333333333333333,hoang thanh khanh,+84813384662,"118 Tran Hung Dao, P.15",Da Nang,Ha Noi,Male,2014-11-07,VIP,HCM - Phu Nhuan,Partnership,2024-11-10,Hoang Thanh Khanh,0813384662
CL00159,C0105,2024-02-24,10:39,AG01,450,Connected - Interested,Negative,Credit Card,,7.5,Nguyen Thanh An,+84596748270,"96 Nguyen Trai, P.10",Hai Phong,Can Tho,Female,1987-01-31,Mass,HCM - District 1,Partnership,2024-06-08,Nguyen Thanh An,0596748270
CL00160,C0108,2024-11-08,12:25,AG03,45,No Answer,,Personal Loan,,0.75,DANG MINH BINH,,"145 Nguyen Trai, P.2",Da Nang,TP.HCM,Male,1986-07-11,Retail,Da Nang - Hai Chau,Online form,2024-02-21,Dang Minh Binh,
CL00161,C0109,2024-08-31,16:25,AG06,15,Busy,,Savings Account,,0.25,HOANG NGOC TRANG,0583-837-197,"14 Le Loi, P.7",Ha Noi,TP.HCM,Female,2014-11-19,VIP,Ha Noi - Hoan Kiem,Online form,2024-10-21,Hoang Ngoc Trang,0583837197
CL00162,C0109,2024-07-28,18:33,AG01,31,Call Back Later,,Term Deposit,Customer asked to be called again next week.,0.5166666666666667,HOANG NGOC TRANG,0583-837-197,"14 Le Loi, P.7",Ha Noi,TP.HCM,Female,2014-11-19,VIP,Ha Noi - Hoan Kiem,Online form,2024-10-21,Hoang Ngoc Trang,0583837197
CL00163,C0110,2024-12-29,18:50,AG01,201,Registered Product,Neutral,Personal Loan,Customer agreed to open product.,3.35,Hoang Anh Phuc,0939466067,"69 Tran Hung Dao, P.7",Ha Noi,Can Tho,Female,1987-06-21,SME,HCM - District 1,Online form,2024-04-22,Hoang Anh Phuc,0939466067
CL00164,C0110,2024-06-28,13:52,AG01,180,Connected - Interested,Neutral,Personal Loan,,3.0,Hoang Anh Phuc,0939466067,"69 Tran Hung Dao, P.7",Ha Noi,Can Tho,Female,1987-06-21,SME,HCM - District 1,Online form,2024-04-22,Hoang Anh Phuc,0939466067
CL00165,C0110,2024-10-11,18:21,AG04,30,Wrong Number,,Credit Card,Phone number incorrect.,0.5,Hoang Anh Phuc,0939466067,"69 Tran Hung Dao, P.7",Ha Noi,Can Tho,Female,1987-06-21,SME,HCM - District 1,Online form,2024-04-22,Hoang Anh Phuc,0939466067
CL00166,C0111,2024-02-18,14:16,AG01,103,Registered Product,Positive,Personal Loan,Customer agreed to open product.,1.7166666666666666,nguyen hong phuc,0571045510,"153 Hai Ba Trung, P.7",Ho Chi Minh,Da Nang,Female,2013-08-18,VIP,HCM - District 1,Partnership,2024-04-22,Nguyen Hong Phuc,0571045510
CL00167,C0113,2024-04-27,13:27,AG05,82,Connected - Not Interested,Neutral,Term Deposit,Customer refused politely.,1.3666666666666667,hoang thi khanh,0783-844-865,"155 Dien Bien Phu, P.7",Da Nang,Ha Noi,Female,2016-08-20,SME,Ha Noi - Hoan Kiem,Old customer list,2024-04-22,Hoang Thi Khanh,0783844865
CL00168,C0113,2024-12-25,08:06,AG05,5,Busy,,Credit Card,,0.08333333333333333,hoang thi khanh,0783-844-865,"155 Dien Bien Phu, P.7",Da Nang,Ha Noi,Female,2016-08-20,SME,Ha Noi - Hoan Kiem,Old customer list,2024-04-22,Hoang Thi Khanh,0783844865
CL00169,C0113,2024-08-02,10:58,AG06,337,Connected - Not Interested,Negative,Term Deposit,Customer refused politely.,5.616666666666666,hoang thi khanh,0783-844-865,"155 Dien Bien Phu, P.7",Da Nang,Ha Noi,Female,2016-08-20,SME,Ha Noi - Hoan Kiem,Old customer list,2024-04-22,Hoang Thi Khanh,0783844865
CL00170,C0118,2024-05-23,15:18,AG01,37,Registered Product,Neutral,Credit Card,Customer agreed to open product.,0.6166666666666667,vo thanh khanh,+84524164061,"100 Nguyen Trai, P.15",Ha Noi,Ha Noi,Female,1998-11-05,Mass,Can Tho - Ninh Kieu,Online form,2024-08-05,Vo Thanh Khanh,0524164061
CL00171,C0119,2024-06-23,09:01,AG04,58,No Answer,,Savings Account,,0.9666666666666667,do ngoc loan,0911-649-333,"91 Pham Van Dong, P.10",Ha Noi,Da Nang,Male,1998-02-22,Retail,Ha Noi - Hoan Kiem,Online form,2024-07-16,Do Ngoc Loan,0911649333
CL00172,C0121,2024-08-09,13:50,AG01,8,Busy,,Credit Card,,0.13333333333333333,Vo Thi Phuc,0313564474,"145 Nguyen Trai, P.2",Da Nang,TP.HCM,Female,2014-05-01,Retail,Can Tho - Ninh Kieu,Event,2024-07-21,Vo Thi Phuc,0313564474
CL00173,C0122,2024-02-24,14:02,AG02,36,Wrong Number,,Personal Loan,Phone number incorrect.,0.6,LE ANH PHUC,,"56 Ly Thuong Kiet, P.1",Ha Noi,Da Nang,Male,2017-09-23,VIP,Ha Noi - Hoan Kiem,Event,2024-05-02,Le Anh Phuc,
CL00174,C0122,2024-06-10,19:32,AG07,27,No Answer,,Personal Loan,,0.45,LE ANH PHUC,,"56 Ly Thuong Kiet, P.1",Ha Noi,Da Nang,Male,2017-09-23,VIP,Ha Noi - Hoan Kiem,Event,2024-05-02,Le Anh Phuc,
CL00175,C0122,2024-10-14,09:06,AG01,33,Busy,,Credit Card,,0.55,LE ANH PHUC,,"56 Ly Thuong Kiet, P.1",Ha Noi,Da Nang,Male,2017-09-23,VIP,Ha Noi - Hoan Kiem,Event,2024-05-02,Le Anh Phuc,
CL00176,C0124,2024-11-18,15:22,AG07,462,Registered Product,Positive,Credit Card,Customer agreed to open product.,7.7,Hoang Thanh Binh,0797 998 182,"195 Ly Thuong Kiet, P.7",Ha Noi,Hai Phong,Female,2004-11-26,VIP,Da Nang - Hai Chau,Old customer list,2024-10-06,Hoang Thanh Binh,0797998182
CL00177,C0124,2024-11-23,13:56,AG05,258,Connected - Not Interested,Neutral,Savings Account,Customer refused politely.,4.3,Hoang Thanh Binh,0797 998 182,"195 Ly Thuong Kiet, P.7",Ha Noi,Hai Phong,Female,2004-11-26,VIP,Da Nang - Hai Chau,Old customer list,2024-10-06,Hoang Thanh Binh,0797998182
CL00178,C0125,2024-02-20,08:27,AG02,51,Call Back Later,,Term Deposit,Customer asked to be called again next week.,0.85,TRAN VAN KHANH,+84976844588,"163 Hai Ba Trung, P.1",Hai Phong,Can Tho,Male,1983-07-13,VIP,HCM - Phu Nhuan,Old customer list,2024-04-07,Tran Van Khanh,0976844588
CL00179,C0125,2024-10-17,15:13,AG06,36,Wrong Number,,Term Deposit,Phone number incorrect.,0.6,TRAN VAN KHANH,+84976844588,"163 Hai Ba Trung, P.1",Hai Phong,Can Tho,Male,1983-07-13,VIP,HCM - Phu Nhuan,Old customer list,2024-04-07,Tran Van Khanh,0976844588
CL00180,C0126,2024-06-13,13:20,AG07,18,No Answer,,Term Deposit,,0.3,hoang minh tu,0851878706,"32 Tran Hung Dao, P.7",Can Tho,TP.HCM,Female,2000-03-15,Retail,HCM - Phu Nhuan,Event,2024-08-27,Hoang Minh Tu,0851878706
CL00181,C0126,2024-11-06,09:06,AG07,349,Connected - Not Interested,Neutral,Savings Account,Customer refused politely.,5.816666666666666,hoang minh tu,0851878706,"32 Tran Hung Dao, P.7",Can Tho,TP.HCM,Female,2000-03-15,Retail,HCM - Phu Nhuan,Event,2024-08-27,Hoang Minh Tu,0851878706
CL00182,C0128,2024-03-25,10:47,AG03,400,Connected - Not Interested,Positive,Savings Account,Customer refused politely.,6.666666666666667,Do Anh An,0968941037,"81 Hai Ba Trung, P.5",Ha Noi,Can Tho,Male,1994-09-18,Retail,HCM - District 1,Partnership,2024-05-03,Do Anh An,0968941037
CL00183,C0128,2024-02-05,19:17,AG01,533,Connected - Not Interested,Positive,Personal Loan,Customer refused politely.,8.883333333333333,Do Anh An,0968941037,"81 Hai Ba Trung, P.5",Ha Noi,Can Tho,Male,1994-09-18,Retail,HCM - District 1,Partnership,2024-05-03,Do Anh An,0968941037
CL00184,C0129,2024-07-15,11:10,AG07,46,No Answer,,Credit Card,,0.7666666666666667,nguyen ngoc phuc,,"187 Ly Thuong Kiet, P.5",Can Tho,Da Nang,Male,1989-11-12,Retail,Ha Noi - Hoan Kiem,Online form,2024-11-21,Nguyen Ngoc Phuc,
CL00185,C0129,2024-07-13,14:54,AG04,16,Call Back Later,,Term Deposit,Customer asked to be called again next week.,0.26666666666666666,nguyen ngoc phuc,,"187 Ly Thuong Kiet, P.5",Can Tho,Da Nang,Male,1989-11-12,Retail,Ha Noi - Hoan Kiem,Online form,2024-11-21,Nguyen Ngoc Phuc,
CL00186,C0132,2024-09-12,16:33,AG04,57,Call Back Later,,Savings Account,Customer asked to be called again next week.,0.95,Do Ngoc Tu,0935-285-368,"179 Ly Thuong Kiet, P.15",Ha Noi,TP.HCM,Male,1988-06-05,Mass,Da Nang - Hai Chau,Online form,2024-12-11,Do Ngoc Tu,0935285368
CL00187,C0133,2024-12-07,19:23,AG03,177,Connected - Not Interested,Positive,Credit Card,Customer refused politely.,2.95,BUI THI TU,0777 177 195,"96 Tran Hung Dao, P.15",Da Nang,TP.HCM,Male,2014-03-26,SME,Da Nang - Hai Chau,Event,2024-05-26,Bui Thi Tu,0777177195
CL00188,C0133,2024-08-02,08:49,AG01,134,Connected - Interested,Neutral,Credit Card,,2.2333333333333334,BUI THI TU,0777 177 195,"96 Tran Hung Dao, P.15",Da Nang,TP.HCM,Male,2014-03-26,SME,Da Nang - Hai Chau,Event,2024-05-26,Bui Thi Tu,0777177195
CL00189,C0134,2024-01-09,15:01,AG01,49,No Answer,,Term Deposit,,0.8166666666666667,DO VAN TU,,"173 Le Loi, P.2",Hai Phong,TP.HCM,Male,1987-09-27,Mass,HCM - Phu Nhuan,Online form,2024-12-17,Do Van Tu,
CL00190,C0135,2024-07-19,13:21,AG06,47,No Answer,,Term Deposit,,0.7833333333333333,Bui Minh Khanh,0719-087-622,"212 Le Loi, P.10",Da Nang,TP.HCM,Male,2006-10-03,Retail,HCM - Phu Nhuan,Partnership,2024-11-03,Bui Minh Khanh,0719087622
CL00191,C0135,2024-01-04,17:57,AG05,33,No Answer,,Term Deposit,,0.55,Bui Minh Khanh,0719-087-622,"212 Le Loi, P.10",Da Nang,TP.HCM,Male,2006-10-03,Retail,HCM - Phu Nhuan,Partnership,2024-11-03,Bui Minh Khanh,0719087622
CL00192,C0136,2024-08-02,12:10,AG02,10,Call Back Later,,Savings Account,Customer asked to be called again next week.,0.16666666666666666,nguyen quang binh,0587 304 327,"119 Hai Ba Trung, P.10",Can Tho,Ha Noi,Male,2001-04-26,Retail,HCM - District 1,Old customer list,2024-05-07,Nguyen Quang Binh,0587304327
CL00193,C0137,2024-12-06,17:35,AG06,45,No Answer,,Savings Account,,0.75,nguyen hoai quyen,,"61 Ly Thuong Kiet, P.7",Ho Chi Minh,Ha Noi,Female,2013-05-30,Mass,HCM - District 1,Branch referral,2024-12-03,Nguyen Hoai Quyen,
CL00194,C0137,2024-02-03,08:36,AG06,172,Registered Product,Positive,Savings Account,Customer agreed to open product.,2.8666666666666667,nguyen hoai quyen,,"61 Ly Thuong Kiet, P.7",Ho Chi Minh,Ha Noi,Female,2013-05-30,Mass,HCM - District 1,Branch referral,2024-12-03,Nguyen Hoai Quyen,
CL00195,C0137,2024-03-16,14:52,AG06,46,No Answer,,Term Deposit,,0.7666666666666667,nguyen hoai quyen,,"61 Ly Thuong Kiet, P.7",Ho Chi Minh,Ha Noi,Female,2013-05-30,Mass,HCM - District 1,Branch referral,2024-12-03,Nguyen Hoai Quyen,
CL00196,C0139,2024-11-08,13:26,AG02,187,Connected - Interested,Negative,Term Deposit,,3.1166666666666667,TRAN HOAI NAM,0811-431-374,"219 Le Loi, P.1",Ha Noi,Da Nang,Male,1998-02-21,Retail,Ha Noi - Hoan Kiem,Branch referral,2024-05-30,Tran Hoai Nam,0811431374
CL00197,C0139,2024-09-24,16:52,AG02,474,Connected - Not Interested,Positive,Personal Loan,Customer refused politely.,7.9,TRAN HOAI NAM,0811-431-374,"219 Le Loi, P.1",Ha Noi,Da Nang,Male,1998-02-21,Retail,Ha Noi - Hoan Kiem,Branch referral,2024-05-30,Tran Hoai Nam,0811431374
CL00198,C0142,2024-07-08,17:45,AG02,595,Registered Product,Neutral,Savings Account,Customer agreed to open product.,9.916666666666666,dang quang nam,,"123 Nguyen Trai, P.1",Da Nang,Can Tho,Male,2007-02-15,VIP,HCM - Phu Nhuan,Partnership,2024-12-11,Dang Quang Nam,
CL00199,C0143,2024-11-05,18:00,AG03,311,Connected - Interested,Negative,Credit Card,,5.183333333333334,pham thanh an,,"57 Nguyen Trai, P.5",Ho Chi Minh,Can Tho,Female,2019-01-16,Retail,HCM - Phu Nhuan,Online form,2024-02-29,Pham Thanh An,
CL00200,C0143,2024-10-08,12:10,AG03,44,Busy,,Term Deposit,,0.7333333333333333,pham thanh an,,"57 Nguyen Trai, P.5",Ho Chi Minh,Can Tho,Female,2019-01-16,Retail,HCM - Phu Nhuan,Online form,2024-02-29,Pham Thanh An,
CL00201,C0143,2024-06-12,08:58,AG06,246,Connected - Not Interested,Negative,Savings Account,Customer refused politely.,4.1,pham thanh an,,"57 Nguyen Trai, P.5",Ho Chi Minh,Can Tho,Female,2019-01-16,Retail,HCM - Phu Nhuan,Online form,2024-02-29,Pham Thanh An,
CL00202,C0144,2024-02-24,15:53,AG05,425,Connected - Not Interested,Neutral,Savings Account,Customer refused politely.,7.083333333333333,PHAM HOAI TU,0389 092 873,"61 Hai Ba Trung, P.15",Da Nang,Hai Phong,Male,1997-11-02,SME,Can Tho - Ninh Kieu,Partnership,2024-01-02,Pham Hoai Tu,0389092873
CL00203,C0145,2024-10-15,17:35,AG04,51,Wrong Number,,Credit Card,Phone number incorrect.,0.85,LE HOAI PHUC,0334 022 509,"88 Tran Hung Dao, P.5",Ho Chi Minh,TP.HCM,Male,2015-08-12,Retail,HCM - District 1,Partnership,2024-09-10,Le Hoai Phuc,0334022509
CL00204,C0145,2024-08-14,11:42,AG06,21,Busy,,Term Deposit,,0.35,LE HOAI PHUC,0334 022 509,"88 Tran Hung Dao, P.5",Ho Chi Minh,TP.HCM,Male,2015-08-12,Retail,HCM - District 1,Partnership,2024-09-10,Le Hoai Phuc,0334022509
CL00205,C0145,2024-12-30,18:33,AG02,13,Call Back Later,,Personal Loan,Customer asked to be called again next week.,0.21666666666666667,LE HOAI PHUC,0334 022 509,"88 Tran Hung Dao, P.5",Ho Chi Minh,TP.HCM,Male,2015-08-12,Retail,HCM - District 1,Partnership,2024-09-10,Le Hoai Phuc,0334022509
CL00206,C0146,2024-03-13,16:39,AG01,21,No Answer,,Credit Card,,0.35,VO VAN LOAN,0893-131-197,"45 Nguyen Thi Minh Khai, P.15",Hai Phong,Da Nang,Male,2019-11-15,Retail,Da Nang - Hai Chau,Event,2024-02-06,Vo Van Loan,0893131197
CL00207,C0149,2024-04-13,17:24,AG03,43,Call Back Later,,Savings Account,Customer asked to be called again next week.,0.7166666666666667,Pham Ngoc Phuc,,"242 Le Loi, P.5",Hai Phong,Hai Phong,Female,1989-03-01,Mass,Da Nang - Hai Chau,Branch referral,2024-10-30,Pham Ngoc Phuc,
CL00208,C0149,2024-05-10,09:36,AG04,48,Call Back Later,,Savings Account,Customer asked to be called again next week.,0.8,Pham Ngoc Phuc,,"242 Le Loi, P.5",Hai Phong,Hai Phong,Female,1989-03-01,Mass,Da Nang - Hai Chau,Branch referral,2024-10-30,Pham Ngoc Phuc,
CL00209,C0150,2024-04-11,09:11,AG05,23,No Answer,,Term Deposit,,0.38333333333333336,Dang Ngoc An,0939459562,"101 Nguyen Thi Minh Khai, P.7",Ha Noi,TP.HCM,Female,1995-04-23,Mass,Da Nang - Hai Chau,Online form,2024-05-10,Dang Ngoc An,0939459562
CL00210,C0150,2024-02-13,18:58,AG05,53,Call Back Later,,Personal Loan,Customer asked to be called again next week.,0.8833333333333333,Dang Ngoc An,0939459562,"101 Nguyen Thi Minh Khai, P.7",Ha Noi,TP.HCM,Female,1995-04-23,Mass,Da Nang - Hai Chau,Online form,2024-05-10,Dang Ngoc An,0939459562
CL00211,C0152,2024-02-26,14:48,AG06,31,Connected - Not Interested,Neutral,Savings Account,Customer refused politely.,0.5166666666666667,nguyen hong phuc,,"59 Nguyen Thi Minh Khai, P.1",Can Tho,Hai Phong,Female,2010-01-23,VIP,Can Tho - Ninh Kieu,Branch referral,2024-04-29,Nguyen Hong Phuc,
CL00212,C0153,2024-08-03,10:07,AG07,100,Registered Product,Negative,Credit Card,Customer agreed to open product.,1.6666666666666667,bui hong binh,0897 598 661,"243 Tran Hung Dao, P.2",Ha Noi,Ha Noi,Male,2018-03-28,VIP,HCM - District 1,Old customer list,2024-04-25,Bui Hong Binh,0897598661
CL00213,C0153,2024-07-16,15:24,AG01,485,Connected - Interested,Positive,Term Deposit,,8.083333333333334,bui hong binh,0897 598 661,"243 Tran Hung Dao, P.2",Ha Noi,Ha Noi,Male,2018-03-28,VIP,HCM - District 1,Old customer list,2024-04-25,Bui Hong Binh,0897598661
CL00214,C0153,2024-09-24,18:25,AG05,45,No Answer,,Savings Account,,0.75,bui hong binh,0897 598 661,"243 Tran Hung Dao, P.2",Ha Noi,Ha Noi,Male,2018-03-28,VIP,HCM - District 1,Old customer list,2024-04-25,Bui Hong Binh,0897598661
CL00215,C0154,2024-02-16,17:15,AG07,420,Connected - Not Interested,Neutral,Savings Account,Customer refused politely.,7.0,pham ngoc tu,,"151 Nguyen Thi Minh Khai, P.7",Ho Chi Minh,Can Tho,Male,1998-02-26,Retail,Can Tho - Ninh Kieu,Partnership,2024-04-22,Pham Ngoc Tu,
CL00216,C0155,2024-03-26,17:06,AG07,18,Busy,,Credit Card,,0.3,tran van binh,0888 826 541,"159 Ly Thuong Kiet, P.1",Can Tho,Da Nang,Male,2016-02-28,Mass,Da Nang - Hai Chau,Event,2024-04-13,Tran Van Binh,0888826541
CL00217,C0157,2024-05-16,10:47,AG03,517,Connected - Interested,Positive,Term Deposit,,8.616666666666667,DO MINH AN,0370747551,"64 Nguyen Trai, P.7",Ho Chi Minh,Da Nang,Male,1989-01-05,SME,Ha Noi - Hoan Kiem,Old customer list,2024-04-08,Do Minh An,0370747551
CL00218,C0157,2024-08-02,09:30,AG04,34,Call Back Later,,Credit Card,Customer asked to be called again next week.,0.5666666666666667,DO MINH AN,0370747551,"64 Nguyen Trai, P.7",Ho Chi Minh,Da Nang,Male,1989-01-05,SME,Ha Noi - Hoan Kiem,Old customer list,2024-04-08,Do Minh An,0370747551
CL00219,C0158,2024-04-12,08:13,AG03,35,No Answer,,Savings Account,,0.5833333333333334,DO QUANG BINH,0703518531,"73 Nguyen Trai, P.7",Ho Chi Minh,Ha Noi,Male,1991-02-05,Retail,HCM - Phu Nhuan,Branch referral,2024-12-14,Do Quang Binh,0703518531
CL00220,C0158,2024-04-17,19:44,AG03,117,Connected - Not Interested,Positive,Term Deposit,Customer refused politely.,1.95,DO QUANG BINH,0703518531,"73 Nguyen Trai, P.7",Ho Chi Minh,Ha Noi,Male,1991-02-05,Retail,HCM - Phu Nhuan,Branch referral,2024-12-14,Do Quang Binh,0703518531
CL00221,C0160,2024-07-01,14:43,AG07,58,Connected - Interested,Negative,Personal Loan,,0.9666666666666667,HOANG THANH KHANH,+84915683662,"17 Hai Ba Trung, P.5",Da Nang,Da Nang,Female,2014-04-10,SME,HCM - Phu Nhuan,Branch referral,2024-11-05,Hoang Thanh Khanh,0915683662
CL00222,C0160,2024-01-04,13:24,AG02,416,Registered Product,Negative,Savings Account,Customer agreed to open product.,6.933333333333334,HOANG THANH KHANH,+84915683662,"17 Hai Ba Trung, P.5",Da Nang,Da Nang,Female,2014-04-10,SME,HCM - Phu Nhuan,Branch referral,2024-11-05,Hoang Thanh Khanh,0915683662
CL00223,C0162,2024-04-17,09:54,AG02,189,Connected - Interested,Neutral,Credit Card,,3.15,le thanh nam,0901 287 163,"91 Dien Bien Phu, P.15",Da Nang,Can Tho,Female,2016-07-21,SME,Ha Noi - Hoan Kiem,Partnership,2024-06-17,Le Thanh Nam,0901287163
CL00224,C0162,2024-09-07,14:12,AG02,17,Call Back Later,,Savings Account,Customer asked to be called again next week.,0.2833333333333333,le thanh nam,0901 287 163,"91 Dien Bien Phu, P.15",Da Nang,Can Tho,Female,2016-07-21,SME,Ha Noi - Hoan Kiem,Partnership,2024-06-17,Le Thanh Nam,0901287163
CL00225,C0162,2024-04-05,10:58,AG06,58,Connected - Not Interested,Neutral,Credit Card,Customer refused politely.,0.9666666666666667,le thanh nam,0901 287 163,"91 Dien Bien Phu, P.15",Da Nang,Can Tho,Female,2016-07-21,SME,Ha Noi - Hoan Kiem,Partnership,2024-06-17,Le Thanh Nam,0901287163
CL00226,C0163,2024-01-29,08:28,AG04,57,No Answer,,Personal Loan,,0.95,hoang anh binh,0506-564-116,"106 Nguyen Trai, P.2",Ha Noi,Ha Noi,Female,1998-08-05,VIP,Can Tho - Ninh Kieu,Old customer list,2024-06-09,Hoang Anh Binh,0506564116
CL00227,C0163,2024-07-03,15:43,AG01,258,Registered Product,Neutral,Credit Card,Customer agreed to open product.,4.3,hoang anh binh,0506-564-116,"106 Nguyen Trai, P.2",Ha Noi,Ha Noi,Female,1998-08-05,VIP,Can Tho - Ninh Kieu,Old customer list,2024-06-09,Hoang Anh Binh,0506564116
CL00228,C0163,2024-09-22,16:38,AG05,359,Connected - Interested,Negative,Term Deposit,,5.983333333333333,hoang anh binh,0506-564-116,"106 Nguyen Trai, P.2",Ha Noi,Ha Noi,Female,1998-08-05,VIP,Can Tho - Ninh Kieu,Old customer list,2024-06-09,Hoang Anh Binh,0506564116
CL00229,C0165,2024-06-25,10:44,AG06,18,No Answer,,Credit Card,,0.3,DANG THI AN,0313 038 166,"178 Hai Ba Trung, P.5",Ha Noi,TP.HCM,Female,1996-06-08,SME,HCM - Phu Nhuan,Online form,2024-10-03,Dang Thi An,0313038166
CL00230,C0166,2024-11-19,09:36,AG01,29,No Answer,,Savings Account,,0.48333333333333334,nguyen hong tu,0375 389 393,"243 Ly Thuong Kiet, P.1",Ha Noi,Ha Noi,Male,1986-04-29,Retail,HCM - District 1,Partnership,2024-05-14,Nguyen Hong Tu,0375389393
CL00231,C0168,2024-03-13,08:56,AG04,28,Busy,,Term Deposit,,0.4666666666666667,pham thi tu,0966-261-817,"30 Le Loi, P.7",Ha Noi,Hai Phong,Male,1995-06-18,SME,Can Tho - Ninh Kieu,Branch referral,2024-06-24,Pham Thi Tu,0966261817
CL00232,C0169,2024-07-05,17:36,AG03,41,Wrong Number,,Personal Loan,Phone number incorrect.,0.6833333333333333,Vo Quang Tu,+84504293069,"39 Le Loi, P.10",Ho Chi Minh,TP.HCM,Female,2001-11-11,Retail,Da Nang - Hai Chau,Event,2024-01-22,Vo Quang Tu,0504293069
CL00233,C0169,2024-07-16,14:55,AG03,50,Wrong Number,,Term Deposit,Phone number incorrect.,0.8333333333333334,Vo Quang Tu,+84504293069,"39 Le Loi, P.10",Ho Chi Minh,TP.HCM,Female,2001-11-11,Retail,Da Nang - Hai Chau,Event,2024-01-22,Vo Quang Tu,0504293069
CL00234,C0169,2024-03-02,09:24,AG04,583,Connected - Not Interested,Negative,Credit Card,Customer refused politely.,9.716666666666667,Vo Quang Tu,+84504293069,"39 Le Loi, P.10",Ho Chi Minh,TP.HCM,Female,2001-11-11,Retail,Da Nang - Hai Chau,Event,2024-01-22,Vo Quang Tu,0504293069
CL00235,C0170,2024-03-12,11:28,AG05,58,Wrong Number,,Personal Loan,Phone number incorrect.,0.9666666666666667,Hoang Anh An,0988836418,"219 Tran Hung Dao, P.15",Ha Noi,Da Nang,Female,1992-05-25,VIP,Can Tho - Ninh Kieu,Event,2024-06-06,Hoang Anh An,0988836418
CL00236,C0170,2024-08-30,17:42,AG01,38,No Answer,,Term Deposit,,0.6333333333333333,Hoang Anh An,0988836418,"219 Tran Hung Dao, P.15",Ha Noi,Da Nang,Female,1992-05-25,VIP,Can Tho - Ninh Kieu,Event,2024-06-06,Hoang Anh An,0988836418
CL00237,C0171,2024-08-28,17:02,AG05,10,No Answer,,Credit Card,,0.16666666666666666,Tran Minh Loan,0314486448,"34 Nguyen Trai, P.2",Ho Chi Minh,Can Tho,Female,2012-03-22,VIP,HCM - Phu Nhuan,Partnership,2024-02-20,Tran Minh Loan,0314486448
CL00238,C0173,2024-02-16,14:48,AG03,540,Connected - Interested,Negative,Credit Card,,9.0,tran quang trang,,"218 Pham Van Dong, P.7",Ha Noi,TP.HCM,Female,1983-08-10,SME,HCM - Phu Nhuan,Event,2024-01-27,Tran Quang Trang,
CL00239,C0174,2024-08-28,18:41,AG02,39,Busy,,Personal Loan,,0.65,Hoang Thi Quyen,0753804504,"128 Nguyen Trai, P.1",Can Tho,Can Tho,Male,1996-05-21,Mass,HCM - District 1,Partnership,2024-10-03,Hoang Thi Quyen,0753804504
CL00240,C0174,2024-12-03,08:23,AG03,22,Registered Product,Neutral,Personal Loan,Customer agreed to open product.,0.36666666666666664,Hoang Thi Quyen,0753804504,"128 Nguyen Trai, P.1",Can Tho,Can Tho,Male,1996-05-21,Mass,HCM - District 1,Partnership,2024-10-03,Hoang Thi Quyen,0753804504
CL00241,C0174,2024-09-25,15:46,AG01,29,Busy,,Savings Account,,0.48333333333333334,Hoang Thi Quyen,0753804504,"128 Nguyen Trai, P.1",Can Tho,Can Tho,Male,1996-05-21,Mass,HCM - District 1,Partnership,2024-10-03,Hoang Thi Quyen,0753804504
CL00242,C0175,2024-12-22,09:10,AG03,342,Registered Product,Negative,Term Deposit,Customer agreed to open product.,5.7,Hoang Thanh Quyen,+84564388837,"184 Hai Ba Trung, P.15",Can Tho,TP.HCM,Male,2002-03-20,Retail,HCM - District 1,Event,2024-04-06,Hoang Thanh Quyen,0564388837
CL00243,C0175,2024-01-29,16:02,AG02,29,Call Back Later,,Credit Card,Customer asked to be called again next week.,0.48333333333333334,Hoang Thanh Quyen,+84564388837,"184 Hai Ba Trung, P.15",Can Tho,TP.HCM,Male,2002-03-20,Retail,HCM - District 1,Event,2024-04-06,Hoang Thanh Quyen,0564388837
CL00244,C0175,2024-11-27,17:08,AG01,482,Connected - Interested,Negative,Personal Loan,,8.033333333333333,Hoang Thanh Quyen,+84564388837,"184 Hai Ba Trung, P.15",Can Tho,TP.HCM,Male,2002-03-20,Retail,HCM - District 1,Event,2024-04-06,Hoang Thanh Quyen,0564388837
CL00245,C0177,2024-08-13,15:59,AG03,57,Registered Product,Negative,Credit Card,Customer agreed to open product.,0.95,TRAN ANH PHUC,0555 907 545,"178 Tran Hung Dao, P.15",Ha Noi,TP.HCM,Female,2004-01-10,SME,Can Tho - Ninh Kieu,Old customer list,2024-05-26,Tran Anh Phuc,0555907545
CL00246,C0177,2024-06-24,17:17,AG05,10,No Answer,,Savings Account,,0.16666666666666666,TRAN ANH PHUC,0555 907 545,"178 Tran Hung Dao, P.15",Ha Noi,TP.HCM,Female,2004-01-10,SME,Can Tho - Ninh Kieu,Old customer list,2024-05-26,Tran Anh Phuc,0555907545
CL00247,C0178,2024-06-24,19:04,AG01,17,Call Back Later,,Term Deposit,Customer asked to be called again next week.,0.2833333333333333,dang hoai tu,0599-414-772,"183 Nguyen Thi Minh Khai, P.15",Ha Noi,Ha Noi,Male,2019-12-17,SME,Ha Noi - Hoan Kiem,Branch referral,2024-02-04,Dang Hoai Tu,0599414772
CL00248,C0178,2024-04-23,15:44,AG06,243,Connected - Not Interested,Negative,Term Deposit,Customer refused politely.,4.05,dang hoai tu,0599-414-772,"183 Nguyen Thi Minh Khai, P.15",Ha Noi,Ha Noi,Male,2019-12-17,SME,Ha Noi - Hoan Kiem,Branch referral,2024-02-04,Dang Hoai Tu,0599414772
CL00249,C0178,2024-12-14,10:57,AG02,342,Registered Product,Negative,Credit Card,Customer agreed to open product.,5.7,dang hoai tu,0599-414-772,"183 Nguyen Thi Minh Khai, P.15",Ha Noi,Ha Noi,Male,2019-12-17,SME,Ha Noi - Hoan Kiem,Branch referral,2024-02-04,Dang Hoai Tu,0599414772
CL00250,C0179,2024-12-12,08:05,AG03,28,Wrong Number,,Personal Loan,Phone number incorrect.,0.4666666666666667,LE THANH QUYEN,0567-755-976,"225 Ly Thuong Kiet, P.1",Hai Phong,TP.HCM,Male,2004-01-06,VIP,HCM - Phu Nhuan,Online form,2024-02-18,Le Thanh Quyen,0567755976
CL00251,C0179,2024-12-01,15:27,AG03,37,No Answer,,Term Deposit,,0.6166666666666667,LE THANH QUYEN,0567-755-976,"225 Ly Thuong Kiet, P.1",Hai Phong,TP.HCM,Male,2004-01-06,VIP,HCM - Phu Nhuan,Online form,2024-02-18,Le Thanh Quyen,0567755976
CL00252,C0179,2024-02-28,16:12,AG05,47,Call Back Later,,Personal Loan,Customer asked to be called again next week.,0.7833333333333333,LE THANH QUYEN,0567-755-976,"225 Ly Thuong Kiet, P.1",Hai Phong,TP.HCM,Male,2004-01-06,VIP,HCM - Phu Nhuan,Online form,2024-02-18,Le Thanh Quyen,0567755976
CL00253,C0182,2024-12-21,18:37,AG05,26,Connected - Interested,Positive,Savings Account,,0.43333333333333335,le thanh binh,0902 218 049,"238 Hai Ba Trung, P.10",Ho Chi Minh,Hai Phong,Female,1992-06-02,VIP,Can Tho - Ninh Kieu,Partnership,2024-02-15,Le Thanh Binh,0902218049
CL00254,C0183,2024-02-14,17:56,AG07,50,Connected - Interested,Positive,Credit Card,,0.8333333333333334,VO VAN LOAN,0321-054-502,"85 Hai Ba Trung, P.5",Ha Noi,Hai Phong,Female,1985-11-22,Mass,HCM - District 1,Event,2024-01-06,Vo Van Loan,0321054502
CL00255,C0183,2024-06-08,18:52,AG07,570,Registered Product,Positive,Credit Card,Customer agreed to open product.,9.5,VO VAN LOAN,0321-054-502,"85 Hai Ba Trung, P.5",Ha Noi,Hai Phong,Female,1985-11-22,Mass,HCM - District 1,Event,2024-01-06,Vo Van Loan,0321054502
CL00256,C0184,2024-12-21,09:13,AG07,543,Connected - Interested,Neutral,Credit Card,,9.05,Bui Hoai Trang,,"206 Nguyen Thi Minh Khai, P.7",Can Tho,TP.HCM,Female,1992-05-09,Retail,Ha Noi - Hoan Kiem,Partnership,2024-10-06,Bui Hoai Trang,
CL00257,C0185,2024-08-11,18:48,AG01,252,Connected - Interested,Positive,Term Deposit,,4.2,TRAN VAN NAM,0856262682,"192 Tran Hung Dao, P.1",Can Tho,Da Nang,Male,2017-02-15,Mass,HCM - District 1,Online form,2024-10-28,Tran Van Nam,0856262682
CL00258,C0186,2024-08-10,09:59,AG05,28,Call Back Later,,Term Deposit,Customer asked to be called again next week.,0.4666666666666667,Le Hong Quyen,0552236406,"165 Le Loi, P.15",Hai Phong,TP.HCM,Male,1991-09-02,SME,Can Tho - Ninh Kieu,Online form,2024-04-04,Le Hong Quyen,0552236406
CL00259,C0186,2024-06-11,13:18,AG07,34,Wrong Number,,Personal Loan,Phone number incorrect.,0.5666666666666667,Le Hong Quyen,0552236406,"165 Le Loi, P.15",Hai Phong,TP.HCM,Male,1991-09-02,SME,Can Tho - Ninh Kieu,Online form,2024-04-04,Le Hong Quyen,0552236406
CL00260,C0186,2024-03-14,16:31,AG04,431,Connected - Interested,Neutral,Credit Card,,7.183333333333334,Le Hong Quyen,0552236406,"165 Le Loi, P.15",Hai Phong,TP.HCM,Male,1991-09-02,SME,Can Tho - Ninh Kieu,Online form,2024-04-04,Le Hong Quyen,0552236406
CL00261,C0187,2024-08-09,12:28,AG04,26,Wrong Number,,Savings Account,Phone number incorrect.,0.43333333333333335,hoang hong binh,0574-364-513,"246 Tran Hung Dao, P.5",Da Nang,TP.HCM,Male,1996-12-02,Mass,HCM - District 1,Online form,2024-07-06,Hoang Hong Binh,0574364513
CL00262,C0187,2024-12-17,11:49,AG03,343,Connected - Interested,Positive,Term Deposit,,5.716666666666667,hoang hong binh,0574-364-513,"246 Tran Hung Dao, P.5",Da Nang,TP.HCM,Male,1996-12-02,Mass,HCM - District 1,Online form,2024-07-06,Hoang Hong Binh,0574364513
CL00263,C0188,2024-01-17,19:21,AG02,420,Registered Product,Positive,Term Deposit,Customer agreed to open product.,7.0,Dang Thanh Quyen,,"214 Cach Mang Thang 8, P.2",Ho Chi Minh,Ha Noi,Male,1983-07-06,VIP,Can Tho - Ninh Kieu,Online form,2024-04-25,Dang Thanh Quyen,
CL00264,C0188,2024-07-11,13:25,AG03,139,Registered Product,Negative,Savings Account,Customer agreed to open product.,2.316666666666667,Dang Thanh Quyen,,"214 Cach Mang Thang 8, P.2",Ho Chi Minh,Ha Noi,Male,1983-07-06,VIP,Can Tho - Ninh Kieu,Online form,2024-04-25,Dang Thanh Quyen,
CL00265,C0188,2024-07-28,09:13,AG05,51,No Answer,,Term Deposit,,0.85,Dang Thanh Quyen,,"214 Cach Mang Thang 8, P.2",Ho Chi Minh,Ha Noi,Male,1983-07-06,VIP,Can Tho - Ninh Kieu,Online form,2024-04-25,Dang Thanh Quyen,
CL00266,C0189,2024-06-12,18:34,AG04,400,Registered Product,Neutral,Savings Account,Customer agreed to open product.,6.666666666666667,Hoang Van Tu,0315-936-220,"125 Pham Van Dong, P.5",Hai Phong,Da Nang,Male,1985-09-03,SME,Ha Noi - Hoan Kiem,Old customer list,2024-09-09,Hoang Van Tu,0315936220
CL00267,C0189,2024-01-07,18:32,AG03,98,Registered Product,Negative,Personal Loan,Customer agreed to open product.,1.6333333333333333,Hoang Van Tu,0315-936-220,"125 Pham Van Dong, P.5",Hai Phong,Da Nang,Male,1985-09-03,SME,Ha Noi - Hoan Kiem,Old customer list,2024-09-09,Hoang Van Tu,0315936220
CL00268,C0189,2024-02-27,14:25,AG06,38,Wrong Number,,Savings Account,Phone number incorrect.,0.6333333333333333,Hoang Van Tu,0315-936-220,"125 Pham Van Dong, P.5",Hai Phong,Da Nang,Male,1985-09-03,SME,Ha Noi - Hoan Kiem,Old customer list,2024-09-09,Hoang Van Tu,0315936220
CL00269,C0190,2024-10-11,11:16,AG05,39,Call Back Later,,Savings Account,Customer asked to be called again next week.,0.65,Le Thi Loan,0877-623-634,"199 Cach Mang Thang 8, P.7",Hai Phong,TP.HCM,Male,1992-02-06,Mass,Ha Noi - Hoan Kiem,Branch referral,2024-06-09,Le Thi Loan,0877623634
CL00270,C0192,2024-09-27,14:28,AG03,176,Registered Product,Neutral,Savings Account,Customer agreed to open product.,2.933333333333333,pham hong nam,0550 302 996,"115 Tran Hung Dao, P.2",Hai Phong,Hai Phong,Male,1987-12-18,VIP,Ha Noi - Hoan Kiem,Online form,2024-01-18,Pham Hong Nam,0550302996
CL00271,C0192,2024-10-14,09:46,AG06,103,Connected - Not Interested,Negative,Savings Account,Customer refused politely.,1.7166666666666666,pham hong nam,0550 302 996,"115 Tran Hung Dao, P.2",Hai Phong,Hai Phong,Male,1987-12-18,VIP,Ha Noi - Hoan Kiem,Online form,2024-01-18,Pham Hong Nam,0550302996
CL00272,C0193,2024-01-27,10:16,AG04,401,Connected - Interested,Negative,Credit Card,,6.683333333333334,Pham Anh Trang,0922-657-398,"27 Nguyen Thi Minh Khai, P.15",Da Nang,Da Nang,Male,2001-05-11,VIP,Da Nang - Hai Chau,Event,2024-08-10,Pham Anh Trang,0922657398
CL00273,C0193,2024-04-01,12:46,AG05,20,Wrong Number,,Term Deposit,Phone number incorrect.,0.3333333333333333,Pham Anh Trang,0922-657-398,"27 Nguyen Thi Minh Khai, P.15",Da Nang,Da Nang,Male,2001-05-11,VIP,Da Nang - Hai Chau,Event,2024-08-10,Pham Anh Trang,0922657398
CL00274,C0194,2024-03-24,13:18,AG03,472,Connected - Not Interested,Positive,Credit Card,Customer refused politely.,7.866666666666666,tran thanh tu,+84392483780,"43 Dien Bien Phu, P.1",Hai Phong,Da Nang,Male,1997-11-21,Retail,HCM - Phu Nhuan,Branch referral,2024-02-27,Tran Thanh Tu,0392483780
CL00275,C0194,2024-09-13,17:59,AG07,42,Wrong Number,,Credit Card,Phone number incorrect.,0.7,tran thanh tu,+84392483780,"43 Dien Bien Phu, P.1",Hai Phong,Da Nang,Male,1997-11-21,Retail,HCM - Phu Nhuan,Branch referral,2024-02-27,Tran Thanh Tu,0392483780
CL00276,C0195,2024-06-11,08:24,AG04,28,Wrong Number,,Term Deposit,Phone number incorrect.,0.4666666666666667,vo van trang,0987 442 180,"147 Tran Hung Dao, P.2",Hai Phong,TP.HCM,Male,1990-06-22,Mass,HCM - Phu Nhuan,Event,2024-12-25,Vo Van Trang,0987442180
CL00277,C0196,2024-09-27,19:15,AG04,31,Call Back Later,,Savings Account,Customer asked to be called again next week.,0.5166666666666667,LE THANH KHANH,+84896878926,"44 Dien Bien Phu, P.7",Hai Phong,Ha Noi,Male,2018-05-06,SME,HCM - Phu Nhuan,Event,2024-10-06,Le Thanh Khanh,0896878926
CL00278,C0197,2024-05-24,12:07,AG06,46,Registered Product,Negative,Personal Loan,Customer agreed to open product.,0.7666666666666667,bui van trang,,"154 Nguyen Trai, P.10",Hai Phong,TP.HCM,Male,1993-12-24,VIP,HCM - Phu Nhuan,Partnership,2024-10-14,Bui Van Trang,
CL00279,C0198,2024-07-17,10:28,AG05,48,Call Back Later,,Term Deposit,Customer asked to be called again next week.,0.8,DO THI KHANH,0548649473,"109 Tran Hung Dao, P.5",Can Tho,Ha Noi,Male,1987-08-10,SME,Can Tho - Ninh Kieu,Partnership,2024-12-07,Do Thi Khanh,0548649473
CL00280,C0199,2024-11-11,17:02,AG06,24,Call Back Later,,Term Deposit,Customer asked to be called again next week.,0.4,Dang Hong Trang,0777510663,"40 Ly Thuong Kiet, P.15",Hai Phong,Da Nang,Female,1983-05-31,VIP,Can Tho - Ninh Kieu,Event,2024-05-06,Dang Hong Trang,0777510663
CL00281,C0199,2024-01-15,16:29,AG07,225,Connected - Interested,Positive,Credit Card,,3.75,Dang Hong Trang,0777510663,"40 Ly Thuong Kiet, P.15",Hai Phong,Da Nang,Female,1983-05-31,VIP,Can Tho - Ninh Kieu,Event,2024-05-06,Dang Hong Trang,0777510663
CL00282,C0199,2024-09-29,19:19,AG01,40,Wrong Number,,Term Deposit,Phone number incorrect.,0.6666666666666666,Dang Hong Trang,0777510663,"40 Ly Thuong Kiet, P.15",Hai Phong,Da Nang,Female,1983-05-31,VIP,Can Tho - Ninh Kieu,Event,2024-05-06,Dang Hong Trang,0777510663
CL00283,C0200,2024-11-14,13:53,AG05,57,Wrong Number,,Personal Loan,Phone number incorrect.,0.95,hoang quang trang,0855 154 957,"219 Le Loi, P.15",Ha Noi,Can Tho,Male,2014-02-10,Mass,HCM - Phu Nhuan,Partnership,2024-09-29,Hoang Quang Trang,0855154957
